file,line,type,commit,author,date,time,timezone,datetime,depth,length
style.css,1,css,88dbaeea,kylezhao1026,2026-04-03,16:34:02,-07:00,2026-04-03T16:34:02-07:00,0,4
style.css,2,css,88dbaeea,kylezhao1026,2026-04-03,16:34:02,-07:00,2026-04-03T16:34:02-07:00,1,43
style.css,3,css,88dbaeea,kylezhao1026,2026-04-03,16:34:02,-07:00,2026-04-03T16:34:02-07:00,0,42
style.css,4,css,88dbaeea,kylezhao1026,2026-04-03,16:34:02,-07:00,2026-04-03T16:34:02-07:00,0,0
style.css,5,css,88dbaeea,kylezhao1026,2026-04-03,16:34:02,-07:00,2026-04-03T16:34:02-07:00,1,23
style.css,6,css,225df61b,kylezhao1026,2026-04-10,18:31:25,-07:00,2026-04-10T18:31:25-07:00,1,21
style.css,7,css,225df61b,kylezhao1026,2026-04-10,18:31:25,-07:00,2026-04-10T18:31:25-07:00,1,15
style.css,8,css,225df61b,kylezhao1026,2026-04-10,18:31:25,-07:00,2026-04-10T18:31:25-07:00,1,18
style.css,9,css,9b2a73f0,kylezhao1026,2026-05-08,19:26:26,-07:00,2026-05-08T19:26:26-07:00,1,23
style.css,10,css,225df61b,kylezhao1026,2026-04-10,18:31:25,-07:00,2026-04-10T18:31:25-07:00,0,0
style.css,11,css,225df61b,kylezhao1026,2026-04-10,18:31:25,-07:00,2026-04-10T18:31:25-07:00,0,0
style.css,12,css,225df61b,kylezhao1026,2026-04-10,18:31:25,-07:00,2026-04-10T18:31:25-07:00,0,5
style.css,13,css,225df61b,kylezhao1026,2026-04-10,18:31:25,-07:00,2026-04-10T18:31:25-07:00,1,31
style.css,14,css,d8789a01,kylezhao1026,2026-04-17,14:15:12,-07:00,2026-04-17T14:15:12-07:00,1,39
style.css,15,css,d8789a01,kylezhao1026,2026-04-17,14:15:12,-07:00,2026-04-17T14:15:12-07:00,1,23
style.css,16,css,225df61b,kylezhao1026,2026-04-10,18:31:25,-07:00,2026-04-10T18:31:25-07:00,0,0
style.css,17,css,225df61b,kylezhao1026,2026-04-10,18:31:25,-07:00,2026-04-10T18:31:25-07:00,0,0
style.css,18,css,225df61b,kylezhao1026,2026-04-10,18:31:25,-07:00,2026-04-10T18:31:25-07:00,0,4
style.css,19,css,225df61b,kylezhao1026,2026-04-10,18:31:25,-07:00,2026-04-10T18:31:25-07:00,1,32
style.css,20,css,225df61b,kylezhao1026,2026-04-10,18:31:25,-07:00,2026-04-10T18:31:25-07:00,0,0
style.css,21,css,225df61b,kylezhao1026,2026-04-10,18:31:25,-07:00,2026-04-10T18:31:25-07:00,0,0
style.css,22,css,225df61b,kylezhao1026,2026-04-10,18:31:25,-07:00,2026-04-10T18:31:25-07:00,0,3
style.css,23,css,225df61b,kylezhao1026,2026-04-10,18:31:25,-07:00,2026-04-10T18:31:25-07:00,1,14
style.css,24,css,225df61b,kylezhao1026,2026-04-10,18:31:25,-07:00,2026-04-10T18:31:25-07:00,1,11
style.css,25,css,225df61b,kylezhao1026,2026-04-10,18:31:25,-07:00,2026-04-10T18:31:25-07:00,0,0
style.css,26,css,225df61b,kylezhao1026,2026-04-10,18:31:25,-07:00,2026-04-10T18:31:25-07:00,0,0
style.css,27,css,225df61b,kylezhao1026,2026-04-10,18:31:25,-07:00,2026-04-10T18:31:25-07:00,0,3
style.css,28,css,225df61b,kylezhao1026,2026-04-10,18:31:25,-07:00,2026-04-10T18:31:25-07:00,1,12
style.css,29,css,00000000,Not Committed Yet,2026-05-22,21:18:00,-07:00,2026-05-22T21:18:00-07:00,1,14
style.css,30,css,225df61b,kylezhao1026,2026-04-10,18:31:25,-07:00,2026-04-10T18:31:25-07:00,1,17
style.css,31,css,d8789a01,kylezhao1026,2026-04-17,14:15:12,-07:00,2026-04-17T14:15:12-07:00,1,34
style.css,32,css,d8789a01,kylezhao1026,2026-04-17,14:15:12,-07:00,2026-04-17T14:15:12-07:00,1,43
style.css,33,css,225df61b,kylezhao1026,2026-04-10,18:31:25,-07:00,2026-04-10T18:31:25-07:00,0,0
style.css,34,css,225df61b,kylezhao1026,2026-04-10,18:31:25,-07:00,2026-04-10T18:31:25-07:00,0,0
style.css,35,css,225df61b,kylezhao1026,2026-04-10,18:31:25,-07:00,2026-04-10T18:31:25-07:00,0,5
style.css,36,css,225df61b,kylezhao1026,2026-04-10,18:31:25,-07:00,2026-04-10T18:31:25-07:00,0,6
style.css,37,css,225df61b,kylezhao1026,2026-04-10,18:31:25,-07:00,2026-04-10T18:31:25-07:00,1,16
style.css,38,css,225df61b,kylezhao1026,2026-04-10,18:31:25,-07:00,2026-04-10T18:31:25-07:00,0,0
style.css,39,css,225df61b,kylezhao1026,2026-04-10,18:31:25,-07:00,2026-04-10T18:31:25-07:00,0,0
style.css,40,css,225df61b,kylezhao1026,2026-04-10,18:31:25,-07:00,2026-04-10T18:31:25-07:00,0,5
style.css,41,css,225df61b,kylezhao1026,2026-04-10,18:31:25,-07:00,2026-04-10T18:31:25-07:00,1,6
style.css,42,css,225df61b,kylezhao1026,2026-04-10,18:31:25,-07:00,2026-04-10T18:31:25-07:00,1,25
style.css,43,css,225df61b,kylezhao1026,2026-04-10,18:31:25,-07:00,2026-04-10T18:31:25-07:00,1,37
style.css,44,css,225df61b,kylezhao1026,2026-04-10,18:31:25,-07:00,2026-04-10T18:31:25-07:00,1,13
style.css,45,css,225df61b,kylezhao1026,2026-04-10,18:31:25,-07:00,2026-04-10T18:31:25-07:00,1,17
style.css,46,css,225df61b,kylezhao1026,2026-04-10,18:31:25,-07:00,2026-04-10T18:31:25-07:00,1,20
style.css,47,css,225df61b,kylezhao1026,2026-04-10,18:31:25,-07:00,2026-04-10T18:31:25-07:00,0,0
style.css,48,css,225df61b,kylezhao1026,2026-04-10,18:31:25,-07:00,2026-04-10T18:31:25-07:00,0,0
style.css,49,css,225df61b,kylezhao1026,2026-04-10,18:31:25,-07:00,2026-04-10T18:31:25-07:00,0,13
style.css,50,css,d8789a01,kylezhao1026,2026-04-17,14:15:12,-07:00,2026-04-17T14:15:12-07:00,1,39
style.css,51,css,225df61b,kylezhao1026,2026-04-10,18:31:25,-07:00,2026-04-10T18:31:25-07:00,0,0
style.css,52,css,225df61b,kylezhao1026,2026-04-10,18:31:25,-07:00,2026-04-10T18:31:25-07:00,0,0
style.css,53,css,225df61b,kylezhao1026,2026-04-10,18:31:25,-07:00,2026-04-10T18:31:25-07:00,0,11
style.css,54,css,225df61b,kylezhao1026,2026-04-10,18:31:25,-07:00,2026-04-10T18:31:25-07:00,1,39
style.css,55,css,d8789a01,kylezhao1026,2026-04-17,14:15:12,-07:00,2026-04-17T14:15:12-07:00,1,69
style.css,56,css,225df61b,kylezhao1026,2026-04-10,18:31:25,-07:00,2026-04-10T18:31:25-07:00,0,0
style.css,57,css,225df61b,kylezhao1026,2026-04-10,18:31:25,-07:00,2026-04-10T18:31:25-07:00,0,0
style.css,58,css,225df61b,kylezhao1026,2026-04-10,18:31:25,-07:00,2026-04-10T18:31:25-07:00,0,2
style.css,59,css,225df61b,kylezhao1026,2026-04-10,18:31:25,-07:00,2026-04-10T18:31:25-07:00,1,14
style.css,60,css,225df61b,kylezhao1026,2026-04-10,18:31:25,-07:00,2026-04-10T18:31:25-07:00,0,0
style.css,61,css,225df61b,kylezhao1026,2026-04-10,18:31:25,-07:00,2026-04-10T18:31:25-07:00,0,0
style.css,62,css,225df61b,kylezhao1026,2026-04-10,18:31:25,-07:00,2026-04-10T18:31:25-07:00,0,1
style.css,63,css,225df61b,kylezhao1026,2026-04-10,18:31:25,-07:00,2026-04-10T18:31:25-07:00,0,1
style.css,64,css,225df61b,kylezhao1026,2026-04-10,18:31:25,-07:00,2026-04-10T18:31:25-07:00,0,1
style.css,65,css,225df61b,kylezhao1026,2026-04-10,18:31:25,-07:00,2026-04-10T18:31:25-07:00,0,1
style.css,66,css,225df61b,kylezhao1026,2026-04-10,18:31:25,-07:00,2026-04-10T18:31:25-07:00,0,1
style.css,67,css,225df61b,kylezhao1026,2026-04-10,18:31:25,-07:00,2026-04-10T18:31:25-07:00,0,2
style.css,68,css,225df61b,kylezhao1026,2026-04-10,18:31:25,-07:00,2026-04-10T18:31:25-07:00,1,15
style.css,69,css,225df61b,kylezhao1026,2026-04-10,18:31:25,-07:00,2026-04-10T18:31:25-07:00,1,17
style.css,70,css,225df61b,kylezhao1026,2026-04-10,18:31:25,-07:00,2026-04-10T18:31:25-07:00,0,0
style.css,71,css,225df61b,kylezhao1026,2026-04-10,18:31:25,-07:00,2026-04-10T18:31:25-07:00,0,0
style.css,72,css,225df61b,kylezhao1026,2026-04-10,18:31:25,-07:00,2026-04-10T18:31:25-07:00,0,4
style.css,73,css,225df61b,kylezhao1026,2026-04-10,18:31:25,-07:00,2026-04-10T18:31:25-07:00,1,12
style.css,74,css,225df61b,kylezhao1026,2026-04-10,18:31:25,-07:00,2026-04-10T18:31:25-07:00,1,30
style.css,75,css,225df61b,kylezhao1026,2026-04-10,18:31:25,-07:00,2026-04-10T18:31:25-07:00,1,7
style.css,76,css,225df61b,kylezhao1026,2026-04-10,18:31:25,-07:00,2026-04-10T18:31:25-07:00,0,0
style.css,77,css,225df61b,kylezhao1026,2026-04-10,18:31:25,-07:00,2026-04-10T18:31:25-07:00,0,0
style.css,78,css,225df61b,kylezhao1026,2026-04-10,18:31:25,-07:00,2026-04-10T18:31:25-07:00,0,5
style.css,79,css,225df61b,kylezhao1026,2026-04-10,18:31:25,-07:00,2026-04-10T18:31:25-07:00,1,12
style.css,80,css,225df61b,kylezhao1026,2026-04-10,18:31:25,-07:00,2026-04-10T18:31:25-07:00,1,18
style.css,81,css,225df61b,kylezhao1026,2026-04-10,18:31:25,-07:00,2026-04-10T18:31:25-07:00,1,29
style.css,82,css,225df61b,kylezhao1026,2026-04-10,18:31:25,-07:00,2026-04-10T18:31:25-07:00,0,0
style.css,83,css,225df61b,kylezhao1026,2026-04-10,18:31:25,-07:00,2026-04-10T18:31:25-07:00,0,0
style.css,84,css,d8789a01,kylezhao1026,2026-04-17,14:15:12,-07:00,2026-04-17T14:15:12-07:00,0,13
style.css,85,css,d8789a01,kylezhao1026,2026-04-17,14:15:12,-07:00,2026-04-17T14:15:12-07:00,1,17
style.css,86,css,d8789a01,kylezhao1026,2026-04-17,14:15:12,-07:00,2026-04-17T14:15:12-07:00,1,8
style.css,87,css,d8789a01,kylezhao1026,2026-04-17,14:15:12,-07:00,2026-04-17T14:15:12-07:00,1,10
style.css,88,css,d8789a01,kylezhao1026,2026-04-17,14:15:12,-07:00,2026-04-17T14:15:12-07:00,1,12
style.css,89,css,d8789a01,kylezhao1026,2026-04-17,14:15:12,-07:00,2026-04-17T14:15:12-07:00,1,16
style.css,90,css,d8789a01,kylezhao1026,2026-04-17,14:15:12,-07:00,2026-04-17T14:15:12-07:00,1,26
style.css,91,css,d8789a01,kylezhao1026,2026-04-17,14:15:12,-07:00,2026-04-17T14:15:12-07:00,1,9
style.css,92,css,d8789a01,kylezhao1026,2026-04-17,14:15:12,-07:00,2026-04-17T14:15:12-07:00,1,18
style.css,93,css,d8789a01,kylezhao1026,2026-04-17,14:15:12,-07:00,2026-04-17T14:15:12-07:00,1,13
style.css,94,css,d8789a01,kylezhao1026,2026-04-17,14:15:12,-07:00,2026-04-17T14:15:12-07:00,0,0
style.css,95,css,d8789a01,kylezhao1026,2026-04-17,14:15:12,-07:00,2026-04-17T14:15:12-07:00,0,0
style.css,96,css,225df61b,kylezhao1026,2026-04-10,18:31:25,-07:00,2026-04-10T18:31:25-07:00,0,4
style.css,97,css,225df61b,kylezhao1026,2026-04-10,18:31:25,-07:00,2026-04-10T18:31:25-07:00,0,7
style.css,98,css,d8789a01,kylezhao1026,2026-04-17,14:15:12,-07:00,2026-04-17T14:15:12-07:00,0,5
style.css,99,css,d8789a01,kylezhao1026,2026-04-17,14:15:12,-07:00,2026-04-17T14:15:12-07:00,0,6
style.css,100,css,225df61b,kylezhao1026,2026-04-10,18:31:25,-07:00,2026-04-10T18:31:25-07:00,1,12
style.css,101,css,225df61b,kylezhao1026,2026-04-10,18:31:25,-07:00,2026-04-10T18:31:25-07:00,0,0
style.css,102,css,225df61b,kylezhao1026,2026-04-10,18:31:25,-07:00,2026-04-10T18:31:25-07:00,0,0
style.css,103,css,225df61b,kylezhao1026,2026-04-10,18:31:25,-07:00,2026-04-10T18:31:25-07:00,0,4
style.css,104,css,225df61b,kylezhao1026,2026-04-10,18:31:25,-07:00,2026-04-10T18:31:25-07:00,0,8
style.css,105,css,225df61b,kylezhao1026,2026-04-10,18:31:25,-07:00,2026-04-10T18:31:25-07:00,1,21
style.css,106,css,225df61b,kylezhao1026,2026-04-10,18:31:25,-07:00,2026-04-10T18:31:25-07:00,1,10
style.css,107,css,225df61b,kylezhao1026,2026-04-10,18:31:25,-07:00,2026-04-10T18:31:25-07:00,0,0
style.css,108,css,225df61b,kylezhao1026,2026-04-10,18:31:25,-07:00,2026-04-10T18:31:25-07:00,0,0
style.css,109,css,225df61b,kylezhao1026,2026-04-10,18:31:25,-07:00,2026-04-10T18:31:25-07:00,0,8
style.css,110,css,225df61b,kylezhao1026,2026-04-10,18:31:25,-07:00,2026-04-10T18:31:25-07:00,1,14
style.css,111,css,225df61b,kylezhao1026,2026-04-10,18:31:25,-07:00,2026-04-10T18:31:25-07:00,0,0
style.css,112,css,225df61b,kylezhao1026,2026-04-10,18:31:25,-07:00,2026-04-10T18:31:25-07:00,0,0
style.css,113,css,225df61b,kylezhao1026,2026-04-10,18:31:25,-07:00,2026-04-10T18:31:25-07:00,0,6
style.css,114,css,225df61b,kylezhao1026,2026-04-10,18:31:25,-07:00,2026-04-10T18:31:25-07:00,1,18
style.css,115,css,225df61b,kylezhao1026,2026-04-10,18:31:25,-07:00,2026-04-10T18:31:25-07:00,1,18
style.css,116,css,225df61b,kylezhao1026,2026-04-10,18:31:25,-07:00,2026-04-10T18:31:25-07:00,0,0
style.css,117,css,225df61b,kylezhao1026,2026-04-10,18:31:25,-07:00,2026-04-10T18:31:25-07:00,0,0
style.css,118,css,225df61b,kylezhao1026,2026-04-10,18:31:25,-07:00,2026-04-10T18:31:25-07:00,0,9
style.css,119,css,225df61b,kylezhao1026,2026-04-10,18:31:25,-07:00,2026-04-10T18:31:25-07:00,1,12
style.css,120,css,225df61b,kylezhao1026,2026-04-10,18:31:25,-07:00,2026-04-10T18:31:25-07:00,1,58
style.css,121,css,225df61b,kylezhao1026,2026-04-10,18:31:25,-07:00,2026-04-10T18:31:25-07:00,1,7
style.css,122,css,225df61b,kylezhao1026,2026-04-10,18:31:25,-07:00,2026-04-10T18:31:25-07:00,0,0
style.css,123,css,225df61b,kylezhao1026,2026-04-10,18:31:25,-07:00,2026-04-10T18:31:25-07:00,0,0
style.css,124,css,225df61b,kylezhao1026,2026-04-10,18:31:25,-07:00,2026-04-10T18:31:25-07:00,0,17
style.css,125,css,225df61b,kylezhao1026,2026-04-10,18:31:25,-07:00,2026-04-10T18:31:25-07:00,1,12
style.css,126,css,2b3deabc,kylezhao1026,2026-05-01,20:13:55,-07:00,2026-05-01T20:13:55-07:00,1,32
style.css,127,css,9da9534c,kylezhao1026,2026-04-24,19:15:32,-07:00,2026-04-24T19:15:32-07:00,1,9
style.css,128,css,9da9534c,kylezhao1026,2026-04-24,19:15:32,-07:00,2026-04-24T19:15:32-07:00,1,11
style.css,129,css,9da9534c,kylezhao1026,2026-04-24,19:15:32,-07:00,2026-04-24T19:15:32-07:00,1,36
style.css,130,css,9da9534c,kylezhao1026,2026-04-24,19:15:32,-07:00,2026-04-24T19:15:32-07:00,1,20
style.css,131,css,9da9534c,kylezhao1026,2026-04-24,19:15:32,-07:00,2026-04-24T19:15:32-07:00,1,53
style.css,132,css,225df61b,kylezhao1026,2026-04-10,18:31:25,-07:00,2026-04-10T18:31:25-07:00,0,0
style.css,133,css,225df61b,kylezhao1026,2026-04-10,18:31:25,-07:00,2026-04-10T18:31:25-07:00,0,0
style.css,134,css,2b3deabc,kylezhao1026,2026-05-01,20:13:55,-07:00,2026-05-01T20:13:55-07:00,0,21
style.css,135,css,2b3deabc,kylezhao1026,2026-05-01,20:13:55,-07:00,2026-05-01T20:13:55-07:00,1,10
style.css,136,css,2b3deabc,kylezhao1026,2026-05-01,20:13:55,-07:00,2026-05-01T20:13:55-07:00,0,0
style.css,137,css,2b3deabc,kylezhao1026,2026-05-01,20:13:55,-07:00,2026-05-01T20:13:55-07:00,0,0
style.css,138,css,225df61b,kylezhao1026,2026-04-10,18:31:25,-07:00,2026-04-10T18:31:25-07:00,0,12
style.css,139,css,225df61b,kylezhao1026,2026-04-10,18:31:25,-07:00,2026-04-10T18:31:25-07:00,1,8
style.css,140,css,225df61b,kylezhao1026,2026-04-10,18:31:25,-07:00,2026-04-10T18:31:25-07:00,0,0
style.css,141,css,0ecd177d,kylezhao1026,2026-04-10,18:44:32,-07:00,2026-04-10T18:44:32-07:00,0,0
style.css,142,css,2b3deabc,kylezhao1026,2026-05-01,20:13:55,-07:00,2026-05-01T20:13:55-07:00,0,16
style.css,143,css,2b3deabc,kylezhao1026,2026-05-01,20:13:55,-07:00,2026-05-01T20:13:55-07:00,1,12
style.css,144,css,2b3deabc,kylezhao1026,2026-05-01,20:13:55,-07:00,2026-05-01T20:13:55-07:00,1,9
style.css,145,css,2b3deabc,kylezhao1026,2026-05-01,20:13:55,-07:00,2026-05-01T20:13:55-07:00,1,19
style.css,146,css,2b3deabc,kylezhao1026,2026-05-01,20:13:55,-07:00,2026-05-01T20:13:55-07:00,0,0
style.css,147,css,2b3deabc,kylezhao1026,2026-05-01,20:13:55,-07:00,2026-05-01T20:13:55-07:00,0,0
style.css,148,css,2b3deabc,kylezhao1026,2026-05-01,20:13:55,-07:00,2026-05-01T20:13:55-07:00,0,19
style.css,149,css,2b3deabc,kylezhao1026,2026-05-01,20:13:55,-07:00,2026-05-01T20:13:55-07:00,0,13
style.css,150,css,2b3deabc,kylezhao1026,2026-05-01,20:13:55,-07:00,2026-05-01T20:13:55-07:00,1,14
style.css,151,css,2b3deabc,kylezhao1026,2026-05-01,20:13:55,-07:00,2026-05-01T20:13:55-07:00,0,0
style.css,152,css,2b3deabc,kylezhao1026,2026-05-01,20:13:55,-07:00,2026-05-01T20:13:55-07:00,0,0
style.css,153,css,9da9534c,kylezhao1026,2026-04-24,19:15:32,-07:00,2026-04-24T19:15:32-07:00,0,13
style.css,154,css,9da9534c,kylezhao1026,2026-04-24,19:15:32,-07:00,2026-04-24T19:15:32-07:00,1,49
style.css,155,css,9da9534c,kylezhao1026,2026-04-24,19:15:32,-07:00,2026-04-24T19:15:32-07:00,1,16
style.css,156,css,2b3deabc,kylezhao1026,2026-05-01,20:13:55,-07:00,2026-05-01T20:13:55-07:00,1,34
style.css,157,css,2b3deabc,kylezhao1026,2026-05-01,20:13:55,-07:00,2026-05-01T20:13:55-07:00,0,0
style.css,158,css,2b3deabc,kylezhao1026,2026-05-01,20:13:55,-07:00,2026-05-01T20:13:55-07:00,0,0
style.css,159,css,2b3deabc,kylezhao1026,2026-05-01,20:13:55,-07:00,2026-05-01T20:13:55-07:00,0,18
style.css,160,css,2b3deabc,kylezhao1026,2026-05-01,20:13:55,-07:00,2026-05-01T20:13:55-07:00,1,12
style.css,161,css,2b3deabc,kylezhao1026,2026-05-01,20:13:55,-07:00,2026-05-01T20:13:55-07:00,1,11
style.css,162,css,2b3deabc,kylezhao1026,2026-05-01,20:13:55,-07:00,2026-05-01T20:13:55-07:00,1,24
style.css,163,css,2b3deabc,kylezhao1026,2026-05-01,20:13:55,-07:00,2026-05-01T20:13:55-07:00,0,0
style.css,164,css,2b3deabc,kylezhao1026,2026-05-01,20:13:55,-07:00,2026-05-01T20:13:55-07:00,0,0
style.css,165,css,2b3deabc,kylezhao1026,2026-05-01,20:13:55,-07:00,2026-05-01T20:13:55-07:00,0,16
style.css,166,css,2b3deabc,kylezhao1026,2026-05-01,20:13:55,-07:00,2026-05-01T20:13:55-07:00,1,12
style.css,167,css,2b3deabc,kylezhao1026,2026-05-01,20:13:55,-07:00,2026-05-01T20:13:55-07:00,1,10
style.css,168,css,2b3deabc,kylezhao1026,2026-05-01,20:13:55,-07:00,2026-05-01T20:13:55-07:00,1,18
style.css,169,css,2b3deabc,kylezhao1026,2026-05-01,20:13:55,-07:00,2026-05-01T20:13:55-07:00,0,0
style.css,170,css,2b3deabc,kylezhao1026,2026-05-01,20:13:55,-07:00,2026-05-01T20:13:55-07:00,0,0
style.css,171,css,2b3deabc,kylezhao1026,2026-05-01,20:13:55,-07:00,2026-05-01T20:13:55-07:00,0,18
style.css,172,css,2b3deabc,kylezhao1026,2026-05-01,20:13:55,-07:00,2026-05-01T20:13:55-07:00,1,24
style.css,173,css,2b3deabc,kylezhao1026,2026-05-01,20:13:55,-07:00,2026-05-01T20:13:55-07:00,1,14
style.css,174,css,2b3deabc,kylezhao1026,2026-05-01,20:13:55,-07:00,2026-05-01T20:13:55-07:00,1,16
style.css,175,css,2b3deabc,kylezhao1026,2026-05-01,20:13:55,-07:00,2026-05-01T20:13:55-07:00,0,0
style.css,176,css,2b3deabc,kylezhao1026,2026-05-01,20:13:55,-07:00,2026-05-01T20:13:55-07:00,0,0
style.css,177,css,2b3deabc,kylezhao1026,2026-05-01,20:13:55,-07:00,2026-05-01T20:13:55-07:00,0,23
style.css,178,css,2b3deabc,kylezhao1026,2026-05-01,20:13:55,-07:00,2026-05-01T20:13:55-07:00,1,14
style.css,179,css,2b3deabc,kylezhao1026,2026-05-01,20:13:55,-07:00,2026-05-01T20:13:55-07:00,1,16
style.css,180,css,2b3deabc,kylezhao1026,2026-05-01,20:13:55,-07:00,2026-05-01T20:13:55-07:00,0,0
style.css,181,css,2b3deabc,kylezhao1026,2026-05-01,20:13:55,-07:00,2026-05-01T20:13:55-07:00,0,0
style.css,182,css,2b3deabc,kylezhao1026,2026-05-01,20:13:55,-07:00,2026-05-01T20:13:55-07:00,0,51
style.css,183,css,2b3deabc,kylezhao1026,2026-05-01,20:13:55,-07:00,2026-05-01T20:13:55-07:00,1,11
style.css,184,css,2b3deabc,kylezhao1026,2026-05-01,20:13:55,-07:00,2026-05-01T20:13:55-07:00,0,0
style.css,185,css,2b3deabc,kylezhao1026,2026-05-01,20:13:55,-07:00,2026-05-01T20:13:55-07:00,0,0
style.css,186,css,2b3deabc,kylezhao1026,2026-05-01,20:13:55,-07:00,2026-05-01T20:13:55-07:00,0,7
style.css,187,css,2b3deabc,kylezhao1026,2026-05-01,20:13:55,-07:00,2026-05-01T20:13:55-07:00,1,6
style.css,188,css,2b3deabc,kylezhao1026,2026-05-01,20:13:55,-07:00,2026-05-01T20:13:55-07:00,1,12
style.css,189,css,2b3deabc,kylezhao1026,2026-05-01,20:13:55,-07:00,2026-05-01T20:13:55-07:00,1,57
style.css,190,css,2b3deabc,kylezhao1026,2026-05-01,20:13:55,-07:00,2026-05-01T20:13:55-07:00,1,16
style.css,191,css,2b3deabc,kylezhao1026,2026-05-01,20:13:55,-07:00,2026-05-01T20:13:55-07:00,1,8
style.css,192,css,2b3deabc,kylezhao1026,2026-05-01,20:13:55,-07:00,2026-05-01T20:13:55-07:00,1,12
style.css,193,css,2b3deabc,kylezhao1026,2026-05-01,20:13:55,-07:00,2026-05-01T20:13:55-07:00,1,36
style.css,194,css,2b3deabc,kylezhao1026,2026-05-01,20:13:55,-07:00,2026-05-01T20:13:55-07:00,1,21
style.css,195,css,2b3deabc,kylezhao1026,2026-05-01,20:13:55,-07:00,2026-05-01T20:13:55-07:00,1,15
style.css,196,css,2b3deabc,kylezhao1026,2026-05-01,20:13:55,-07:00,2026-05-01T20:13:55-07:00,1,53
style.css,197,css,2b3deabc,kylezhao1026,2026-05-01,20:13:55,-07:00,2026-05-01T20:13:55-07:00,0,0
style.css,198,css,2b3deabc,kylezhao1026,2026-05-01,20:13:55,-07:00,2026-05-01T20:13:55-07:00,0,0
style.css,199,css,2b3deabc,kylezhao1026,2026-05-01,20:13:55,-07:00,2026-05-01T20:13:55-07:00,0,12
style.css,200,css,2b3deabc,kylezhao1026,2026-05-01,20:13:55,-07:00,2026-05-01T20:13:55-07:00,1,12
style.css,201,css,2b3deabc,kylezhao1026,2026-05-01,20:13:55,-07:00,2026-05-01T20:13:55-07:00,1,11
style.css,202,css,2b3deabc,kylezhao1026,2026-05-01,20:13:55,-07:00,2026-05-01T20:13:55-07:00,1,18
style.css,203,css,2b3deabc,kylezhao1026,2026-05-01,20:13:55,-07:00,2026-05-01T20:13:55-07:00,1,11
style.css,204,css,2b3deabc,kylezhao1026,2026-05-01,20:13:55,-07:00,2026-05-01T20:13:55-07:00,1,14
style.css,205,css,2b3deabc,kylezhao1026,2026-05-01,20:13:55,-07:00,2026-05-01T20:13:55-07:00,0,0
style.css,206,css,2b3deabc,kylezhao1026,2026-05-01,20:13:55,-07:00,2026-05-01T20:13:55-07:00,0,0
style.css,207,css,2b3deabc,kylezhao1026,2026-05-01,20:13:55,-07:00,2026-05-01T20:13:55-07:00,0,15
style.css,208,css,2b3deabc,kylezhao1026,2026-05-01,20:13:55,-07:00,2026-05-01T20:13:55-07:00,1,49
style.css,209,css,2b3deabc,kylezhao1026,2026-05-01,20:13:55,-07:00,2026-05-01T20:13:55-07:00,1,17
style.css,210,css,2b3deabc,kylezhao1026,2026-05-01,20:13:55,-07:00,2026-05-01T20:13:55-07:00,0,0
style.css,211,css,2b3deabc,kylezhao1026,2026-05-01,20:13:55,-07:00,2026-05-01T20:13:55-07:00,0,0
style.css,212,css,2b3deabc,kylezhao1026,2026-05-01,20:13:55,-07:00,2026-05-01T20:13:55-07:00,0,7
style.css,213,css,2b3deabc,kylezhao1026,2026-05-01,20:13:55,-07:00,2026-05-01T20:13:55-07:00,1,20
style.css,214,css,2b3deabc,kylezhao1026,2026-05-01,20:13:55,-07:00,2026-05-01T20:13:55-07:00,1,9
style.css,215,css,2b3deabc,kylezhao1026,2026-05-01,20:13:55,-07:00,2026-05-01T20:13:55-07:00,1,14
style.css,216,css,2b3deabc,kylezhao1026,2026-05-01,20:13:55,-07:00,2026-05-01T20:13:55-07:00,1,13
style.css,217,css,2b3deabc,kylezhao1026,2026-05-01,20:13:55,-07:00,2026-05-01T20:13:55-07:00,1,19
style.css,218,css,2b3deabc,kylezhao1026,2026-05-01,20:13:55,-07:00,2026-05-01T20:13:55-07:00,1,23
style.css,219,css,2b3deabc,kylezhao1026,2026-05-01,20:13:55,-07:00,2026-05-01T20:13:55-07:00,0,0
style.css,220,css,2b3deabc,kylezhao1026,2026-05-01,20:13:55,-07:00,2026-05-01T20:13:55-07:00,0,0
style.css,221,css,2b3deabc,kylezhao1026,2026-05-01,20:13:55,-07:00,2026-05-01T20:13:55-07:00,0,9
style.css,222,css,2b3deabc,kylezhao1026,2026-05-01,20:13:55,-07:00,2026-05-01T20:13:55-07:00,1,35
style.css,223,css,2b3deabc,kylezhao1026,2026-05-01,20:13:55,-07:00,2026-05-01T20:13:55-07:00,0,0
style.css,224,css,2b3deabc,kylezhao1026,2026-05-01,20:13:55,-07:00,2026-05-01T20:13:55-07:00,0,0
style.css,225,css,2b3deabc,kylezhao1026,2026-05-01,20:13:55,-07:00,2026-05-01T20:13:55-07:00,0,18
style.css,226,css,2b3deabc,kylezhao1026,2026-05-01,20:13:55,-07:00,2026-05-01T20:13:55-07:00,1,17
style.css,227,css,2b3deabc,kylezhao1026,2026-05-01,20:13:55,-07:00,2026-05-01T20:13:55-07:00,0,0
style.css,228,css,2b3deabc,kylezhao1026,2026-05-01,20:13:55,-07:00,2026-05-01T20:13:55-07:00,0,0
style.css,229,css,2b3deabc,kylezhao1026,2026-05-01,20:13:55,-07:00,2026-05-01T20:13:55-07:00,0,10
style.css,230,css,2b3deabc,kylezhao1026,2026-05-01,20:13:55,-07:00,2026-05-01T20:13:55-07:00,1,21
style.css,231,css,2b3deabc,kylezhao1026,2026-05-01,20:13:55,-07:00,2026-05-01T20:13:55-07:00,1,10
style.css,232,css,2b3deabc,kylezhao1026,2026-05-01,20:13:55,-07:00,2026-05-01T20:13:55-07:00,1,20
style.css,233,css,2b3deabc,kylezhao1026,2026-05-01,20:13:55,-07:00,2026-05-01T20:13:55-07:00,1,36
style.css,234,css,2b3deabc,kylezhao1026,2026-05-01,20:13:55,-07:00,2026-05-01T20:13:55-07:00,1,20
style.css,235,css,2b3deabc,kylezhao1026,2026-05-01,20:13:55,-07:00,2026-05-01T20:13:55-07:00,1,17
style.css,236,css,2b3deabc,kylezhao1026,2026-05-01,20:13:55,-07:00,2026-05-01T20:13:55-07:00,1,16
style.css,237,css,9da9534c,kylezhao1026,2026-04-24,19:15:32,-07:00,2026-04-24T19:15:32-07:00,0,0
style.css,238,css,9da9534c,kylezhao1026,2026-04-24,19:15:32,-07:00,2026-04-24T19:15:32-07:00,0,0
style.css,239,css,9da9534c,kylezhao1026,2026-04-24,19:15:32,-07:00,2026-04-24T19:15:32-07:00,0,15
style.css,240,css,9da9534c,kylezhao1026,2026-04-24,19:15:32,-07:00,2026-04-24T19:15:32-07:00,1,15
style.css,241,css,9da9534c,kylezhao1026,2026-04-24,19:15:32,-07:00,2026-04-24T19:15:32-07:00,0,0
style.css,242,css,9da9534c,kylezhao1026,2026-04-24,19:15:32,-07:00,2026-04-24T19:15:32-07:00,0,0
style.css,243,css,9da9534c,kylezhao1026,2026-04-24,19:15:32,-07:00,2026-04-24T19:15:32-07:00,0,17
style.css,244,css,9da9534c,kylezhao1026,2026-04-24,19:15:32,-07:00,2026-04-24T19:15:32-07:00,1,12
style.css,245,css,9da9534c,kylezhao1026,2026-04-24,19:15:32,-07:00,2026-04-24T19:15:32-07:00,1,36
style.css,246,css,9da9534c,kylezhao1026,2026-04-24,19:15:32,-07:00,2026-04-24T19:15:32-07:00,1,15
style.css,247,css,9da9534c,kylezhao1026,2026-04-24,19:15:32,-07:00,2026-04-24T19:15:32-07:00,1,12
style.css,248,css,9da9534c,kylezhao1026,2026-04-24,19:15:32,-07:00,2026-04-24T19:15:32-07:00,1,36
style.css,249,css,9da9534c,kylezhao1026,2026-04-24,19:15:32,-07:00,2026-04-24T19:15:32-07:00,1,21
style.css,250,css,9da9534c,kylezhao1026,2026-04-24,19:15:32,-07:00,2026-04-24T19:15:32-07:00,1,53
style.css,251,css,9da9534c,kylezhao1026,2026-04-24,19:15:32,-07:00,2026-04-24T19:15:32-07:00,0,0
style.css,252,css,9da9534c,kylezhao1026,2026-04-24,19:15:32,-07:00,2026-04-24T19:15:32-07:00,0,0
style.css,253,css,9da9534c,kylezhao1026,2026-04-24,19:15:32,-07:00,2026-04-24T19:15:32-07:00,0,17
style.css,254,css,9da9534c,kylezhao1026,2026-04-24,19:15:32,-07:00,2026-04-24T19:15:32-07:00,1,10
style.css,255,css,9da9534c,kylezhao1026,2026-04-24,19:15:32,-07:00,2026-04-24T19:15:32-07:00,1,8
style.css,256,css,9da9534c,kylezhao1026,2026-04-24,19:15:32,-07:00,2026-04-24T19:15:32-07:00,1,15
style.css,257,css,9da9534c,kylezhao1026,2026-04-24,19:15:32,-07:00,2026-04-24T19:15:32-07:00,0,0
style.css,258,css,9da9534c,kylezhao1026,2026-04-24,19:15:32,-07:00,2026-04-24T19:15:32-07:00,0,0
style.css,259,css,9da9534c,kylezhao1026,2026-04-24,19:15:32,-07:00,2026-04-24T19:15:32-07:00,0,17
style.css,260,css,9da9534c,kylezhao1026,2026-04-24,19:15:32,-07:00,2026-04-24T19:15:32-07:00,1,10
style.css,261,css,9da9534c,kylezhao1026,2026-04-24,19:15:32,-07:00,2026-04-24T19:15:32-07:00,1,8
style.css,262,css,9da9534c,kylezhao1026,2026-04-24,19:15:32,-07:00,2026-04-24T19:15:32-07:00,1,16
style.css,263,css,9da9534c,kylezhao1026,2026-04-24,19:15:32,-07:00,2026-04-24T19:15:32-07:00,0,0
style.css,264,css,9da9534c,kylezhao1026,2026-04-24,19:15:32,-07:00,2026-04-24T19:15:32-07:00,0,0
style.css,265,css,9da9534c,kylezhao1026,2026-04-24,19:15:32,-07:00,2026-04-24T19:15:32-07:00,0,25
style.css,266,css,9da9534c,kylezhao1026,2026-04-24,19:15:32,-07:00,2026-04-24T19:15:32-07:00,1,17
style.css,267,css,9da9534c,kylezhao1026,2026-04-24,19:15:32,-07:00,2026-04-24T19:15:32-07:00,2,36
style.css,268,css,9da9534c,kylezhao1026,2026-04-24,19:15:32,-07:00,2026-04-24T19:15:32-07:00,1,0
style.css,269,css,2b3deabc,kylezhao1026,2026-05-01,20:13:55,-07:00,2026-05-01T20:13:55-07:00,0,0
style.css,270,css,2b3deabc,kylezhao1026,2026-05-01,20:13:55,-07:00,2026-05-01T20:13:55-07:00,1,16
style.css,271,css,2b3deabc,kylezhao1026,2026-05-01,20:13:55,-07:00,2026-05-01T20:13:55-07:00,2,12
style.css,272,css,2b3deabc,kylezhao1026,2026-05-01,20:13:55,-07:00,2026-05-01T20:13:55-07:00,1,0
style.css,273,css,2b3deabc,kylezhao1026,2026-05-01,20:13:55,-07:00,2026-05-01T20:13:55-07:00,0,0
style.css,274,css,2b3deabc,kylezhao1026,2026-05-01,20:13:55,-07:00,2026-05-01T20:13:55-07:00,1,18
style.css,275,css,2b3deabc,kylezhao1026,2026-05-01,20:13:55,-07:00,2026-05-01T20:13:55-07:00,2,19
style.css,276,css,2b3deabc,kylezhao1026,2026-05-01,20:13:55,-07:00,2026-05-01T20:13:55-07:00,2,21
style.css,277,css,2b3deabc,kylezhao1026,2026-05-01,20:13:55,-07:00,2026-05-01T20:13:55-07:00,1,0
style.css,278,css,9da9534c,kylezhao1026,2026-04-24,19:15:32,-07:00,2026-04-24T19:15:32-07:00,0,0
style.css,279,css,9da9534c,kylezhao1026,2026-04-24,19:15:32,-07:00,2026-04-24T19:15:32-07:00,0,0
style.css,280,css,0ecd177d,kylezhao1026,2026-04-10,18:44:32,-07:00,2026-04-10T18:44:32-07:00,0,12
style.css,281,css,d8789a01,kylezhao1026,2026-04-17,14:15:12,-07:00,2026-04-17T14:15:12-07:00,1,16
style.css,282,css,0ecd177d,kylezhao1026,2026-04-10,18:44:32,-07:00,2026-04-10T18:44:32-07:00,1,23
style.css,283,css,0ecd177d,kylezhao1026,2026-04-10,18:44:32,-07:00,2026-04-10T18:44:32-07:00,0,0
style.css,284,css,0ecd177d,kylezhao1026,2026-04-10,18:44:32,-07:00,2026-04-10T18:44:32-07:00,0,0
style.css,285,css,0ecd177d,kylezhao1026,2026-04-10,18:44:32,-07:00,2026-04-10T18:44:32-07:00,0,16
style.css,286,css,0ecd177d,kylezhao1026,2026-04-10,18:44:32,-07:00,2026-04-10T18:44:32-07:00,1,14
style.css,287,css,d8789a01,kylezhao1026,2026-04-17,14:15:12,-07:00,2026-04-17T14:15:12-07:00,1,53
style.css,288,css,0ecd177d,kylezhao1026,2026-04-10,18:44:32,-07:00,2026-04-10T18:44:32-07:00,0,0
style.css,289,css,0ecd177d,kylezhao1026,2026-04-10,18:44:32,-07:00,2026-04-10T18:44:32-07:00,0,0
style.css,290,css,0ecd177d,kylezhao1026,2026-04-10,18:44:32,-07:00,2026-04-10T18:44:32-07:00,0,18
style.css,291,css,0ecd177d,kylezhao1026,2026-04-10,18:44:32,-07:00,2026-04-10T18:44:32-07:00,1,21
style.css,292,css,0ecd177d,kylezhao1026,2026-04-10,18:44:32,-07:00,2026-04-10T18:44:32-07:00,1,63
style.css,293,css,0ecd177d,kylezhao1026,2026-04-10,18:44:32,-07:00,2026-04-10T18:44:32-07:00,0,0
style.css,294,css,0ecd177d,kylezhao1026,2026-04-10,18:44:32,-07:00,2026-04-10T18:44:32-07:00,0,0
style.css,295,css,0ecd177d,kylezhao1026,2026-04-10,18:44:32,-07:00,2026-04-10T18:44:32-07:00,0,15
style.css,296,css,0ecd177d,kylezhao1026,2026-04-10,18:44:32,-07:00,2026-04-10T18:44:32-07:00,1,25
style.css,297,css,d8789a01,kylezhao1026,2026-04-17,14:15:12,-07:00,2026-04-17T14:15:12-07:00,1,16
style.css,298,css,0ecd177d,kylezhao1026,2026-04-10,18:44:32,-07:00,2026-04-10T18:44:32-07:00,0,0
style.css,299,css,0ecd177d,kylezhao1026,2026-04-10,18:44:32,-07:00,2026-04-10T18:44:32-07:00,0,0
style.css,300,css,0ecd177d,kylezhao1026,2026-04-10,18:44:32,-07:00,2026-04-10T18:44:32-07:00,0,14
style.css,301,css,d8789a01,kylezhao1026,2026-04-17,14:15:12,-07:00,2026-04-17T14:15:12-07:00,1,25
style.css,302,css,0ecd177d,kylezhao1026,2026-04-10,18:44:32,-07:00,2026-04-10T18:44:32-07:00,1,28
style.css,303,css,0ecd177d,kylezhao1026,2026-04-10,18:44:32,-07:00,2026-04-10T18:44:32-07:00,0,0
style.css,304,css,0ecd177d,kylezhao1026,2026-04-10,18:44:32,-07:00,2026-04-10T18:44:32-07:00,0,0
style.css,305,css,0ecd177d,kylezhao1026,2026-04-10,18:44:32,-07:00,2026-04-10T18:44:32-07:00,0,17
style.css,306,css,0ecd177d,kylezhao1026,2026-04-10,18:44:32,-07:00,2026-04-10T18:44:32-07:00,1,12
style.css,307,css,0ecd177d,kylezhao1026,2026-04-10,18:44:32,-07:00,2026-04-10T18:44:32-07:00,1,9
style.css,308,css,0ecd177d,kylezhao1026,2026-04-10,18:44:32,-07:00,2026-04-10T18:44:32-07:00,0,0
style.css,309,css,0ecd177d,kylezhao1026,2026-04-10,18:44:32,-07:00,2026-04-10T18:44:32-07:00,0,0
style.css,310,css,0ecd177d,kylezhao1026,2026-04-10,18:44:32,-07:00,2026-04-10T18:44:32-07:00,0,26
style.css,311,css,0ecd177d,kylezhao1026,2026-04-10,18:44:32,-07:00,2026-04-10T18:44:32-07:00,1,18
style.css,312,css,0ecd177d,kylezhao1026,2026-04-10,18:44:32,-07:00,2026-04-10T18:44:32-07:00,1,43
style.css,313,css,0ecd177d,kylezhao1026,2026-04-10,18:44:32,-07:00,2026-04-10T18:44:32-07:00,0,0
style.css,314,css,0ecd177d,kylezhao1026,2026-04-10,18:44:32,-07:00,2026-04-10T18:44:32-07:00,0,0
style.css,315,css,0ecd177d,kylezhao1026,2026-04-10,18:44:32,-07:00,2026-04-10T18:44:32-07:00,0,28
style.css,316,css,0ecd177d,kylezhao1026,2026-04-10,18:44:32,-07:00,2026-04-10T18:44:32-07:00,1,14
style.css,317,css,d8789a01,kylezhao1026,2026-04-17,14:15:12,-07:00,2026-04-17T14:15:12-07:00,1,49
style.css,318,css,0ecd177d,kylezhao1026,2026-04-10,18:44:32,-07:00,2026-04-10T18:44:32-07:00,0,0
style.css,319,css,0ecd177d,kylezhao1026,2026-04-10,18:44:32,-07:00,2026-04-10T18:44:32-07:00,0,0
style.css,320,css,0ecd177d,kylezhao1026,2026-04-10,18:44:32,-07:00,2026-04-10T18:44:32-07:00,0,20
style.css,321,css,0ecd177d,kylezhao1026,2026-04-10,18:44:32,-07:00,2026-04-10T18:44:32-07:00,1,12
style.css,322,css,0ecd177d,kylezhao1026,2026-04-10,18:44:32,-07:00,2026-04-10T18:44:32-07:00,1,10
style.css,323,css,0ecd177d,kylezhao1026,2026-04-10,18:44:32,-07:00,2026-04-10T18:44:32-07:00,0,0
style.css,324,css,0ecd177d,kylezhao1026,2026-04-10,18:44:32,-07:00,2026-04-10T18:44:32-07:00,0,0
style.css,325,css,0ecd177d,kylezhao1026,2026-04-10,18:44:32,-07:00,2026-04-10T18:44:32-07:00,0,29
style.css,326,css,0ecd177d,kylezhao1026,2026-04-10,18:44:32,-07:00,2026-04-10T18:44:32-07:00,1,44
style.css,327,css,0ecd177d,kylezhao1026,2026-04-10,18:44:32,-07:00,2026-04-10T18:44:32-07:00,1,19
style.css,328,css,0ecd177d,kylezhao1026,2026-04-10,18:44:32,-07:00,2026-04-10T18:44:32-07:00,0,0
style.css,329,css,0ecd177d,kylezhao1026,2026-04-10,18:44:32,-07:00,2026-04-10T18:44:32-07:00,0,0
style.css,330,css,0ecd177d,kylezhao1026,2026-04-10,18:44:32,-07:00,2026-04-10T18:44:32-07:00,0,22
style.css,331,css,0ecd177d,kylezhao1026,2026-04-10,18:44:32,-07:00,2026-04-10T18:44:32-07:00,0,22
style.css,332,css,0ecd177d,kylezhao1026,2026-04-10,18:44:32,-07:00,2026-04-10T18:44:32-07:00,0,21
style.css,333,css,0ecd177d,kylezhao1026,2026-04-10,18:44:32,-07:00,2026-04-10T18:44:32-07:00,0,23
style.css,334,css,0ecd177d,kylezhao1026,2026-04-10,18:44:32,-07:00,2026-04-10T18:44:32-07:00,1,14
style.css,335,css,0ecd177d,kylezhao1026,2026-04-10,18:44:32,-07:00,2026-04-10T18:44:32-07:00,0,0
style.css,336,css,0ecd177d,kylezhao1026,2026-04-10,18:44:32,-07:00,2026-04-10T18:44:32-07:00,0,0
style.css,337,css,0ecd177d,kylezhao1026,2026-04-10,18:44:32,-07:00,2026-04-10T18:44:32-07:00,0,28
style.css,338,css,0ecd177d,kylezhao1026,2026-04-10,18:44:32,-07:00,2026-04-10T18:44:32-07:00,1,18
style.css,339,css,0ecd177d,kylezhao1026,2026-04-10,18:44:32,-07:00,2026-04-10T18:44:32-07:00,1,41
style.css,340,css,d8789a01,kylezhao1026,2026-04-17,14:15:12,-07:00,2026-04-17T14:15:12-07:00,1,53
style.css,341,css,0ecd177d,kylezhao1026,2026-04-10,18:44:32,-07:00,2026-04-10T18:44:32-07:00,0,0
style.css,342,css,0ecd177d,kylezhao1026,2026-04-10,18:44:32,-07:00,2026-04-10T18:44:32-07:00,0,0
style.css,343,css,0ecd177d,kylezhao1026,2026-04-10,18:44:32,-07:00,2026-04-10T18:44:32-07:00,0,20
style.css,344,css,0ecd177d,kylezhao1026,2026-04-10,18:44:32,-07:00,2026-04-10T18:44:32-07:00,1,17
style.css,345,css,0ecd177d,kylezhao1026,2026-04-10,18:44:32,-07:00,2026-04-10T18:44:32-07:00,0,0
style.css,346,css,9b2a73f0,kylezhao1026,2026-05-08,19:26:26,-07:00,2026-05-08T19:26:26-07:00,0,0
style.css,347,css,9b2a73f0,kylezhao1026,2026-05-08,19:26:26,-07:00,2026-05-08T19:26:26-07:00,0,10
style.css,348,css,9b2a73f0,kylezhao1026,2026-05-08,19:26:26,-07:00,2026-05-08T19:26:26-07:00,1,15
style.css,349,css,9b2a73f0,kylezhao1026,2026-05-08,19:26:26,-07:00,2026-05-08T19:26:26-07:00,0,0
style.css,350,css,9b2a73f0,kylezhao1026,2026-05-08,19:26:26,-07:00,2026-05-08T19:26:26-07:00,0,0
style.css,351,css,9b2a73f0,kylezhao1026,2026-05-08,19:26:26,-07:00,2026-05-08T19:26:26-07:00,0,11
style.css,352,css,9b2a73f0,kylezhao1026,2026-05-08,19:26:26,-07:00,2026-05-08T19:26:26-07:00,1,49
style.css,353,css,9b2a73f0,kylezhao1026,2026-05-08,19:26:26,-07:00,2026-05-08T19:26:26-07:00,1,16
style.css,354,css,9b2a73f0,kylezhao1026,2026-05-08,19:26:26,-07:00,2026-05-08T19:26:26-07:00,0,0
style.css,355,css,9b2a73f0,kylezhao1026,2026-05-08,19:26:26,-07:00,2026-05-08T19:26:26-07:00,0,0
style.css,356,css,9b2a73f0,kylezhao1026,2026-05-08,19:26:26,-07:00,2026-05-08T19:26:26-07:00,0,12
style.css,357,css,9b2a73f0,kylezhao1026,2026-05-08,19:26:26,-07:00,2026-05-08T19:26:26-07:00,0,14
style.css,358,css,00000000,Not Committed Yet,2026-05-22,21:18:00,-07:00,2026-05-22T21:18:00-07:00,0,16
style.css,359,css,00000000,Not Committed Yet,2026-05-22,21:18:00,-07:00,2026-05-22T21:18:00-07:00,0,14
style.css,360,css,9b2a73f0,kylezhao1026,2026-05-08,19:26:26,-07:00,2026-05-08T19:26:26-07:00,1,19
style.css,361,css,9b2a73f0,kylezhao1026,2026-05-08,19:26:26,-07:00,2026-05-08T19:26:26-07:00,0,0
style.css,362,css,9b2a73f0,kylezhao1026,2026-05-08,19:26:26,-07:00,2026-05-08T19:26:26-07:00,0,0
style.css,363,css,9b2a73f0,kylezhao1026,2026-05-08,19:26:26,-07:00,2026-05-08T19:26:26-07:00,0,11
style.css,364,css,9b2a73f0,kylezhao1026,2026-05-08,19:26:26,-07:00,2026-05-08T19:26:26-07:00,1,12
style.css,365,css,9b2a73f0,kylezhao1026,2026-05-08,19:26:26,-07:00,2026-05-08T19:26:26-07:00,1,57
style.css,366,css,9b2a73f0,kylezhao1026,2026-05-08,19:26:26,-07:00,2026-05-08T19:26:26-07:00,1,11
style.css,367,css,9b2a73f0,kylezhao1026,2026-05-08,19:26:26,-07:00,2026-05-08T19:26:26-07:00,1,8
style.css,368,css,9b2a73f0,kylezhao1026,2026-05-08,19:26:26,-07:00,2026-05-08T19:26:26-07:00,0,0
style.css,369,css,9b2a73f0,kylezhao1026,2026-05-08,19:26:26,-07:00,2026-05-08T19:26:26-07:00,0,0
style.css,370,css,9b2a73f0,kylezhao1026,2026-05-08,19:26:26,-07:00,2026-05-08T19:26:26-07:00,0,15
style.css,371,css,9b2a73f0,kylezhao1026,2026-05-08,19:26:26,-07:00,2026-05-08T19:26:26-07:00,1,12
style.css,372,css,9b2a73f0,kylezhao1026,2026-05-08,19:26:26,-07:00,2026-05-08T19:26:26-07:00,1,11
style.css,373,css,9b2a73f0,kylezhao1026,2026-05-08,19:26:26,-07:00,2026-05-08T19:26:26-07:00,1,20
style.css,374,css,9b2a73f0,kylezhao1026,2026-05-08,19:26:26,-07:00,2026-05-08T19:26:26-07:00,1,36
style.css,375,css,9b2a73f0,kylezhao1026,2026-05-08,19:26:26,-07:00,2026-05-08T19:26:26-07:00,1,20
style.css,376,css,9b2a73f0,kylezhao1026,2026-05-08,19:26:26,-07:00,2026-05-08T19:26:26-07:00,1,53
style.css,377,css,9b2a73f0,kylezhao1026,2026-05-08,19:26:26,-07:00,2026-05-08T19:26:26-07:00,0,0
style.css,378,css,9b2a73f0,kylezhao1026,2026-05-08,19:26:26,-07:00,2026-05-08T19:26:26-07:00,0,0
style.css,379,css,9b2a73f0,kylezhao1026,2026-05-08,19:26:26,-07:00,2026-05-08T19:26:26-07:00,0,13
style.css,380,css,9b2a73f0,kylezhao1026,2026-05-08,19:26:26,-07:00,2026-05-08T19:26:26-07:00,0,8
style.css,381,css,9b2a73f0,kylezhao1026,2026-05-08,19:26:26,-07:00,2026-05-08T19:26:26-07:00,1,49
style.css,382,css,9b2a73f0,kylezhao1026,2026-05-08,19:26:26,-07:00,2026-05-08T19:26:26-07:00,1,17
style.css,383,css,9b2a73f0,kylezhao1026,2026-05-08,19:26:26,-07:00,2026-05-08T19:26:26-07:00,1,15
style.css,384,css,9b2a73f0,kylezhao1026,2026-05-08,19:26:26,-07:00,2026-05-08T19:26:26-07:00,0,0
style.css,385,css,9b2a73f0,kylezhao1026,2026-05-08,19:26:26,-07:00,2026-05-08T19:26:26-07:00,0,0
style.css,386,css,9b2a73f0,kylezhao1026,2026-05-08,19:26:26,-07:00,2026-05-08T19:26:26-07:00,0,13
style.css,387,css,9b2a73f0,kylezhao1026,2026-05-08,19:26:26,-07:00,2026-05-08T19:26:26-07:00,0,8
style.css,388,css,9b2a73f0,kylezhao1026,2026-05-08,19:26:26,-07:00,2026-05-08T19:26:26-07:00,1,8
style.css,389,css,9b2a73f0,kylezhao1026,2026-05-08,19:26:26,-07:00,2026-05-08T19:26:26-07:00,1,33
style.css,390,css,9b2a73f0,kylezhao1026,2026-05-08,19:26:26,-07:00,2026-05-08T19:26:26-07:00,0,0
style.css,391,css,9b2a73f0,kylezhao1026,2026-05-08,19:26:26,-07:00,2026-05-08T19:26:26-07:00,0,0
style.css,392,css,9b2a73f0,kylezhao1026,2026-05-08,19:26:26,-07:00,2026-05-08T19:26:26-07:00,0,14
style.css,393,css,9b2a73f0,kylezhao1026,2026-05-08,19:26:26,-07:00,2026-05-08T19:26:26-07:00,1,17
style.css,394,css,9b2a73f0,kylezhao1026,2026-05-08,19:26:26,-07:00,2026-05-08T19:26:26-07:00,1,15
style.css,395,css,9b2a73f0,kylezhao1026,2026-05-08,19:26:26,-07:00,2026-05-08T19:26:26-07:00,0,0
style.css,396,css,9b2a73f0,kylezhao1026,2026-05-08,19:26:26,-07:00,2026-05-08T19:26:26-07:00,0,0
style.css,397,css,9b2a73f0,kylezhao1026,2026-05-08,19:26:26,-07:00,2026-05-08T19:26:26-07:00,0,24
style.css,398,css,9b2a73f0,kylezhao1026,2026-05-08,19:26:26,-07:00,2026-05-08T19:26:26-07:00,1,12
style.css,399,css,9b2a73f0,kylezhao1026,2026-05-08,19:26:26,-07:00,2026-05-08T19:26:26-07:00,1,8
style.css,400,css,9b2a73f0,kylezhao1026,2026-05-08,19:26:26,-07:00,2026-05-08T19:26:26-07:00,1,20
style.css,401,css,9b2a73f0,kylezhao1026,2026-05-08,19:26:26,-07:00,2026-05-08T19:26:26-07:00,1,29
style.css,402,css,9b2a73f0,kylezhao1026,2026-05-08,19:26:26,-07:00,2026-05-08T19:26:26-07:00,1,21
style.css,403,css,9b2a73f0,kylezhao1026,2026-05-08,19:26:26,-07:00,2026-05-08T19:26:26-07:00,0,0
style.css,404,css,9b2a73f0,kylezhao1026,2026-05-08,19:26:26,-07:00,2026-05-08T19:26:26-07:00,0,0
style.css,405,css,9b2a73f0,kylezhao1026,2026-05-08,19:26:26,-07:00,2026-05-08T19:26:26-07:00,0,17
style.css,406,css,00000000,Not Committed Yet,2026-05-22,21:18:00,-07:00,2026-05-22T21:18:00-07:00,0,19
style.css,407,css,00000000,Not Committed Yet,2026-05-22,21:18:00,-07:00,2026-05-22T21:18:00-07:00,0,17
style.css,408,css,9b2a73f0,kylezhao1026,2026-05-08,19:26:26,-07:00,2026-05-08T19:26:26-07:00,1,20
style.css,409,css,9b2a73f0,kylezhao1026,2026-05-08,19:26:26,-07:00,2026-05-08T19:26:26-07:00,0,0
style.css,410,css,9b2a73f0,kylezhao1026,2026-05-08,19:26:26,-07:00,2026-05-08T19:26:26-07:00,0,0
style.css,411,css,00000000,Not Committed Yet,2026-05-22,21:18:00,-07:00,2026-05-22T21:18:00-07:00,0,12
style.css,412,css,00000000,Not Committed Yet,2026-05-22,21:18:00,-07:00,2026-05-22T21:18:00-07:00,1,12
style.css,413,css,00000000,Not Committed Yet,2026-05-22,21:18:00,-07:00,2026-05-22T21:18:00-07:00,1,50
style.css,414,css,00000000,Not Committed Yet,2026-05-22,21:18:00,-07:00,2026-05-22T21:18:00-07:00,1,11
style.css,415,css,00000000,Not Committed Yet,2026-05-22,21:18:00,-07:00,2026-05-22T21:18:00-07:00,1,20
style.css,416,css,00000000,Not Committed Yet,2026-05-22,21:18:00,-07:00,2026-05-22T21:18:00-07:00,1,24
style.css,417,css,00000000,Not Committed Yet,2026-05-22,21:18:00,-07:00,2026-05-22T21:18:00-07:00,1,20
style.css,418,css,00000000,Not Committed Yet,2026-05-22,21:18:00,-07:00,2026-05-22T21:18:00-07:00,1,36
style.css,419,css,00000000,Not Committed Yet,2026-05-22,21:18:00,-07:00,2026-05-22T21:18:00-07:00,1,20
style.css,420,css,00000000,Not Committed Yet,2026-05-22,21:18:00,-07:00,2026-05-22T21:18:00-07:00,1,53
style.css,421,css,00000000,Not Committed Yet,2026-05-22,21:18:00,-07:00,2026-05-22T21:18:00-07:00,0,0
style.css,422,css,00000000,Not Committed Yet,2026-05-22,21:18:00,-07:00,2026-05-22T21:18:00-07:00,0,0
style.css,423,css,00000000,Not Committed Yet,2026-05-22,21:18:00,-07:00,2026-05-22T21:18:00-07:00,0,18
style.css,424,css,00000000,Not Committed Yet,2026-05-22,21:18:00,-07:00,2026-05-22T21:18:00-07:00,1,13
style.css,425,css,00000000,Not Committed Yet,2026-05-22,21:18:00,-07:00,2026-05-22T21:18:00-07:00,1,16
style.css,426,css,00000000,Not Committed Yet,2026-05-22,21:18:00,-07:00,2026-05-22T21:18:00-07:00,1,15
style.css,427,css,00000000,Not Committed Yet,2026-05-22,21:18:00,-07:00,2026-05-22T21:18:00-07:00,0,0
style.css,428,css,00000000,Not Committed Yet,2026-05-22,21:18:00,-07:00,2026-05-22T21:18:00-07:00,0,0
style.css,429,css,00000000,Not Committed Yet,2026-05-22,21:18:00,-07:00,2026-05-22T21:18:00-07:00,0,17
style.css,430,css,00000000,Not Committed Yet,2026-05-22,21:18:00,-07:00,2026-05-22T21:18:00-07:00,1,49
style.css,431,css,00000000,Not Committed Yet,2026-05-22,21:18:00,-07:00,2026-05-22T21:18:00-07:00,1,33
style.css,432,css,00000000,Not Committed Yet,2026-05-22,21:18:00,-07:00,2026-05-22T21:18:00-07:00,1,16
style.css,433,css,00000000,Not Committed Yet,2026-05-22,21:18:00,-07:00,2026-05-22T21:18:00-07:00,0,0
style.css,434,css,00000000,Not Committed Yet,2026-05-22,21:18:00,-07:00,2026-05-22T21:18:00-07:00,0,0
style.css,435,css,00000000,Not Committed Yet,2026-05-22,21:18:00,-07:00,2026-05-22T21:18:00-07:00,0,10
style.css,436,css,00000000,Not Committed Yet,2026-05-22,21:18:00,-07:00,2026-05-22T21:18:00-07:00,1,17
style.css,437,css,00000000,Not Committed Yet,2026-05-22,21:18:00,-07:00,2026-05-22T21:18:00-07:00,1,12
style.css,438,css,00000000,Not Committed Yet,2026-05-22,21:18:00,-07:00,2026-05-22T21:18:00-07:00,1,11
style.css,439,css,00000000,Not Committed Yet,2026-05-22,21:18:00,-07:00,2026-05-22T21:18:00-07:00,1,22
style.css,440,css,00000000,Not Committed Yet,2026-05-22,21:18:00,-07:00,2026-05-22T21:18:00-07:00,0,0
style.css,441,css,00000000,Not Committed Yet,2026-05-22,21:18:00,-07:00,2026-05-22T21:18:00-07:00,0,0
style.css,442,css,00000000,Not Committed Yet,2026-05-22,21:18:00,-07:00,2026-05-22T21:18:00-07:00,0,14
style.css,443,css,00000000,Not Committed Yet,2026-05-22,21:18:00,-07:00,2026-05-22T21:18:00-07:00,1,6
style.css,444,css,00000000,Not Committed Yet,2026-05-22,21:18:00,-07:00,2026-05-22T21:18:00-07:00,1,11
style.css,445,css,00000000,Not Committed Yet,2026-05-22,21:18:00,-07:00,2026-05-22T21:18:00-07:00,0,0
style.css,446,css,00000000,Not Committed Yet,2026-05-22,21:18:00,-07:00,2026-05-22T21:18:00-07:00,0,0
style.css,447,css,00000000,Not Committed Yet,2026-05-22,21:18:00,-07:00,2026-05-22T21:18:00-07:00,0,14
style.css,448,css,00000000,Not Committed Yet,2026-05-22,21:18:00,-07:00,2026-05-22T21:18:00-07:00,1,17
style.css,449,css,00000000,Not Committed Yet,2026-05-22,21:18:00,-07:00,2026-05-22T21:18:00-07:00,0,0
style.css,450,css,00000000,Not Committed Yet,2026-05-22,21:18:00,-07:00,2026-05-22T21:18:00-07:00,0,0
style.css,451,css,00000000,Not Committed Yet,2026-05-22,21:18:00,-07:00,2026-05-22T21:18:00-07:00,0,13
style.css,452,css,00000000,Not Committed Yet,2026-05-22,21:18:00,-07:00,2026-05-22T21:18:00-07:00,1,15
style.css,453,css,00000000,Not Committed Yet,2026-05-22,21:18:00,-07:00,2026-05-22T21:18:00-07:00,1,11
style.css,454,css,00000000,Not Committed Yet,2026-05-22,21:18:00,-07:00,2026-05-22T21:18:00-07:00,1,11
style.css,455,css,00000000,Not Committed Yet,2026-05-22,21:18:00,-07:00,2026-05-22T21:18:00-07:00,0,0
style.css,456,css,00000000,Not Committed Yet,2026-05-22,21:18:00,-07:00,2026-05-22T21:18:00-07:00,0,0
style.css,457,css,00000000,Not Committed Yet,2026-05-22,21:18:00,-07:00,2026-05-22T21:18:00-07:00,0,5
style.css,458,css,00000000,Not Committed Yet,2026-05-22,21:18:00,-07:00,2026-05-22T21:18:00-07:00,1,15
style.css,459,css,00000000,Not Committed Yet,2026-05-22,21:18:00,-07:00,2026-05-22T21:18:00-07:00,1,12
style.css,460,css,00000000,Not Committed Yet,2026-05-22,21:18:00,-07:00,2026-05-22T21:18:00-07:00,1,37
style.css,461,css,00000000,Not Committed Yet,2026-05-22,21:18:00,-07:00,2026-05-22T21:18:00-07:00,1,49
style.css,462,css,00000000,Not Committed Yet,2026-05-22,21:18:00,-07:00,2026-05-22T21:18:00-07:00,0,0
style.css,463,css,00000000,Not Committed Yet,2026-05-22,21:18:00,-07:00,2026-05-22T21:18:00-07:00,0,0
style.css,464,css,00000000,Not Committed Yet,2026-05-22,21:18:00,-07:00,2026-05-22T21:18:00-07:00,0,12
style.css,465,css,00000000,Not Committed Yet,2026-05-22,21:18:00,-07:00,2026-05-22T21:18:00-07:00,1,37
style.css,466,css,00000000,Not Committed Yet,2026-05-22,21:18:00,-07:00,2026-05-22T21:18:00-07:00,1,16
style.css,467,css,00000000,Not Committed Yet,2026-05-22,21:18:00,-07:00,2026-05-22T21:18:00-07:00,1,63
style.css,468,css,00000000,Not Committed Yet,2026-05-22,21:18:00,-07:00,2026-05-22T21:18:00-07:00,0,0
style.css,469,css,00000000,Not Committed Yet,2026-05-22,21:18:00,-07:00,2026-05-22T21:18:00-07:00,0,0
style.css,470,css,00000000,Not Committed Yet,2026-05-22,21:18:00,-07:00,2026-05-22T21:18:00-07:00,0,7
style.css,471,css,00000000,Not Committed Yet,2026-05-22,21:18:00,-07:00,2026-05-22T21:18:00-07:00,1,22
style.css,472,css,00000000,Not Committed Yet,2026-05-22,21:18:00,-07:00,2026-05-22T21:18:00-07:00,0,0
style.css,473,css,00000000,Not Committed Yet,2026-05-22,21:18:00,-07:00,2026-05-22T21:18:00-07:00,0,0
style.css,474,css,9b2a73f0,kylezhao1026,2026-05-08,19:26:26,-07:00,2026-05-08T19:26:26-07:00,0,16
style.css,475,css,9b2a73f0,kylezhao1026,2026-05-08,19:26:26,-07:00,2026-05-08T19:26:26-07:00,1,8
style.css,476,css,9b2a73f0,kylezhao1026,2026-05-08,19:26:26,-07:00,2026-05-08T19:26:26-07:00,1,49
style.css,477,css,9b2a73f0,kylezhao1026,2026-05-08,19:26:26,-07:00,2026-05-08T19:26:26-07:00,1,17
style.css,478,css,9b2a73f0,kylezhao1026,2026-05-08,19:26:26,-07:00,2026-05-08T19:26:26-07:00,0,0
style.css,479,css,9b2a73f0,kylezhao1026,2026-05-08,19:26:26,-07:00,2026-05-08T19:26:26-07:00,0,0
style.css,480,css,9b2a73f0,kylezhao1026,2026-05-08,19:26:26,-07:00,2026-05-08T19:26:26-07:00,0,6
style.css,481,css,9b2a73f0,kylezhao1026,2026-05-08,19:26:26,-07:00,2026-05-08T19:26:26-07:00,1,15
style.css,482,css,00000000,Not Committed Yet,2026-05-22,21:18:00,-07:00,2026-05-22T21:18:00-07:00,1,17
style.css,483,css,00000000,Not Committed Yet,2026-05-22,21:18:00,-07:00,2026-05-22T21:18:00-07:00,1,14
style.css,484,css,9b2a73f0,kylezhao1026,2026-05-08,19:26:26,-07:00,2026-05-08T19:26:26-07:00,0,0
style.css,485,css,9b2a73f0,kylezhao1026,2026-05-08,19:26:26,-07:00,2026-05-08T19:26:26-07:00,0,0
style.css,486,css,9b2a73f0,kylezhao1026,2026-05-08,19:26:26,-07:00,2026-05-08T19:26:26-07:00,0,10
style.css,487,css,9b2a73f0,kylezhao1026,2026-05-08,19:26:26,-07:00,2026-05-08T19:26:26-07:00,1,13
style.css,488,css,9b2a73f0,kylezhao1026,2026-05-08,19:26:26,-07:00,2026-05-08T19:26:26-07:00,1,15
style.css,489,css,9b2a73f0,kylezhao1026,2026-05-08,19:26:26,-07:00,2026-05-08T19:26:26-07:00,1,10
style.css,490,css,9b2a73f0,kylezhao1026,2026-05-08,19:26:26,-07:00,2026-05-08T19:26:26-07:00,1,11
style.css,491,css,9b2a73f0,kylezhao1026,2026-05-08,19:26:26,-07:00,2026-05-08T19:26:26-07:00,0,0
style.css,492,css,9b2a73f0,kylezhao1026,2026-05-08,19:26:26,-07:00,2026-05-08T19:26:26-07:00,0,0
style.css,493,css,9b2a73f0,kylezhao1026,2026-05-08,19:26:26,-07:00,2026-05-08T19:26:26-07:00,0,13
style.css,494,css,9b2a73f0,kylezhao1026,2026-05-08,19:26:26,-07:00,2026-05-08T19:26:26-07:00,1,61
style.css,495,css,9b2a73f0,kylezhao1026,2026-05-08,19:26:26,-07:00,2026-05-08T19:26:26-07:00,1,17
style.css,496,css,9b2a73f0,kylezhao1026,2026-05-08,19:26:26,-07:00,2026-05-08T19:26:26-07:00,1,13
style.css,497,css,9b2a73f0,kylezhao1026,2026-05-08,19:26:26,-07:00,2026-05-08T19:26:26-07:00,1,16
style.css,498,css,00000000,Not Committed Yet,2026-05-22,21:18:00,-07:00,2026-05-22T21:18:00-07:00,1,67
style.css,499,css,00000000,Not Committed Yet,2026-05-22,21:18:00,-07:00,2026-05-22T21:18:00-07:00,0,0
style.css,500,css,00000000,Not Committed Yet,2026-05-22,21:18:00,-07:00,2026-05-22T21:18:00-07:00,1,15
style.css,501,css,00000000,Not Committed Yet,2026-05-22,21:18:00,-07:00,2026-05-22T21:18:00-07:00,2,3
style.css,502,css,00000000,Not Committed Yet,2026-05-22,21:18:00,-07:00,2026-05-22T21:18:00-07:00,1,0
style.css,503,css,9b2a73f0,kylezhao1026,2026-05-08,19:26:26,-07:00,2026-05-08T19:26:26-07:00,0,0
style.css,504,css,9b2a73f0,kylezhao1026,2026-05-08,19:26:26,-07:00,2026-05-08T19:26:26-07:00,0,0
style.css,505,css,9b2a73f0,kylezhao1026,2026-05-08,19:26:26,-07:00,2026-05-08T19:26:26-07:00,0,20
style.css,506,css,9b2a73f0,kylezhao1026,2026-05-08,19:26:26,-07:00,2026-05-08T19:26:26-07:00,0,22
style.css,507,css,9b2a73f0,kylezhao1026,2026-05-08,19:26:26,-07:00,2026-05-08T19:26:26-07:00,1,14
style.css,508,css,9b2a73f0,kylezhao1026,2026-05-08,19:26:26,-07:00,2026-05-08T19:26:26-07:00,0,0
style.css,509,css,9b2a73f0,kylezhao1026,2026-05-08,19:26:26,-07:00,2026-05-08T19:26:26-07:00,0,0
style.css,510,css,9b2a73f0,kylezhao1026,2026-05-08,19:26:26,-07:00,2026-05-08T19:26:26-07:00,0,22
style.css,511,css,9b2a73f0,kylezhao1026,2026-05-08,19:26:26,-07:00,2026-05-08T19:26:26-07:00,1,23
style.css,512,css,9b2a73f0,kylezhao1026,2026-05-08,19:26:26,-07:00,2026-05-08T19:26:26-07:00,0,0
style.css,513,css,9b2a73f0,kylezhao1026,2026-05-08,19:26:26,-07:00,2026-05-08T19:26:26-07:00,0,0
style.css,514,css,9b2a73f0,kylezhao1026,2026-05-08,19:26:26,-07:00,2026-05-08T19:26:26-07:00,0,15
style.css,515,css,9b2a73f0,kylezhao1026,2026-05-08,19:26:26,-07:00,2026-05-08T19:26:26-07:00,1,50
style.css,516,css,9b2a73f0,kylezhao1026,2026-05-08,19:26:26,-07:00,2026-05-08T19:26:26-07:00,0,0
style.css,517,css,9b2a73f0,kylezhao1026,2026-05-08,19:26:26,-07:00,2026-05-08T19:26:26-07:00,0,0
style.css,518,css,9b2a73f0,kylezhao1026,2026-05-08,19:26:26,-07:00,2026-05-08T19:26:26-07:00,0,15
style.css,519,css,9b2a73f0,kylezhao1026,2026-05-08,19:26:26,-07:00,2026-05-08T19:26:26-07:00,1,12
style.css,520,css,9b2a73f0,kylezhao1026,2026-05-08,19:26:26,-07:00,2026-05-08T19:26:26-07:00,0,0
style.css,521,css,9b2a73f0,kylezhao1026,2026-05-08,19:26:26,-07:00,2026-05-08T19:26:26-07:00,0,0
style.css,522,css,9b2a73f0,kylezhao1026,2026-05-08,19:26:26,-07:00,2026-05-08T19:26:26-07:00,0,11
style.css,523,css,9b2a73f0,kylezhao1026,2026-05-08,19:26:26,-07:00,2026-05-08T19:26:26-07:00,1,48
style.css,524,css,9b2a73f0,kylezhao1026,2026-05-08,19:26:26,-07:00,2026-05-08T19:26:26-07:00,1,17
style.css,525,css,9b2a73f0,kylezhao1026,2026-05-08,19:26:26,-07:00,2026-05-08T19:26:26-07:00,0,0
style.css,526,css,9b2a73f0,kylezhao1026,2026-05-08,19:26:26,-07:00,2026-05-08T19:26:26-07:00,0,0
style.css,527,css,9b2a73f0,kylezhao1026,2026-05-08,19:26:26,-07:00,2026-05-08T19:26:26-07:00,0,17
style.css,528,css,9b2a73f0,kylezhao1026,2026-05-08,19:26:26,-07:00,2026-05-08T19:26:26-07:00,1,24
style.css,529,css,9b2a73f0,kylezhao1026,2026-05-08,19:26:26,-07:00,2026-05-08T19:26:26-07:00,1,17
style.css,530,css,9b2a73f0,kylezhao1026,2026-05-08,19:26:26,-07:00,2026-05-08T19:26:26-07:00,1,26
style.css,531,css,9b2a73f0,kylezhao1026,2026-05-08,19:26:26,-07:00,2026-05-08T19:26:26-07:00,0,0
style.css,532,css,9b2a73f0,kylezhao1026,2026-05-08,19:26:26,-07:00,2026-05-08T19:26:26-07:00,0,0
style.css,533,css,9b2a73f0,kylezhao1026,2026-05-08,19:26:26,-07:00,2026-05-08T19:26:26-07:00,0,8
style.css,534,css,9b2a73f0,kylezhao1026,2026-05-08,19:26:26,-07:00,2026-05-08T19:26:26-07:00,1,14
style.css,535,css,9b2a73f0,kylezhao1026,2026-05-08,19:26:26,-07:00,2026-05-08T19:26:26-07:00,1,9
style.css,536,css,9b2a73f0,kylezhao1026,2026-05-08,19:26:26,-07:00,2026-05-08T19:26:26-07:00,1,12
style.css,537,css,9b2a73f0,kylezhao1026,2026-05-08,19:26:26,-07:00,2026-05-08T19:26:26-07:00,1,31
style.css,538,css,9b2a73f0,kylezhao1026,2026-05-08,19:26:26,-07:00,2026-05-08T19:26:26-07:00,1,18
style.css,539,css,9b2a73f0,kylezhao1026,2026-05-08,19:26:26,-07:00,2026-05-08T19:26:26-07:00,1,15
style.css,540,css,9b2a73f0,kylezhao1026,2026-05-08,19:26:26,-07:00,2026-05-08T19:26:26-07:00,1,20
style.css,541,css,9b2a73f0,kylezhao1026,2026-05-08,19:26:26,-07:00,2026-05-08T19:26:26-07:00,1,36
style.css,542,css,9b2a73f0,kylezhao1026,2026-05-08,19:26:26,-07:00,2026-05-08T19:26:26-07:00,1,20
style.css,543,css,9b2a73f0,kylezhao1026,2026-05-08,19:26:26,-07:00,2026-05-08T19:26:26-07:00,1,17
style.css,544,css,9b2a73f0,kylezhao1026,2026-05-08,19:26:26,-07:00,2026-05-08T19:26:26-07:00,1,74
style.css,545,css,9b2a73f0,kylezhao1026,2026-05-08,19:26:26,-07:00,2026-05-08T19:26:26-07:00,1,19
style.css,546,css,9b2a73f0,kylezhao1026,2026-05-08,19:26:26,-07:00,2026-05-08T19:26:26-07:00,0,0
style.css,547,css,9b2a73f0,kylezhao1026,2026-05-08,19:26:26,-07:00,2026-05-08T19:26:26-07:00,0,0
style.css,548,css,9b2a73f0,kylezhao1026,2026-05-08,19:26:26,-07:00,2026-05-08T19:26:26-07:00,0,16
style.css,549,css,9b2a73f0,kylezhao1026,2026-05-08,19:26:26,-07:00,2026-05-08T19:26:26-07:00,1,12
style.css,550,css,9b2a73f0,kylezhao1026,2026-05-08,19:26:26,-07:00,2026-05-08T19:26:26-07:00,0,0
style.css,551,css,9b2a73f0,kylezhao1026,2026-05-08,19:26:26,-07:00,2026-05-08T19:26:26-07:00,0,0
style.css,552,css,9b2a73f0,kylezhao1026,2026-05-08,19:26:26,-07:00,2026-05-08T19:26:26-07:00,0,10
style.css,553,css,9b2a73f0,kylezhao1026,2026-05-08,19:26:26,-07:00,2026-05-08T19:26:26-07:00,1,25
style.css,554,css,9b2a73f0,kylezhao1026,2026-05-08,19:26:26,-07:00,2026-05-08T19:26:26-07:00,0,0
style.css,555,css,9b2a73f0,kylezhao1026,2026-05-08,19:26:26,-07:00,2026-05-08T19:26:26-07:00,0,0
style.css,556,css,00000000,Not Committed Yet,2026-05-22,21:18:00,-07:00,2026-05-22T21:18:00-07:00,0,6
style.css,557,css,00000000,Not Committed Yet,2026-05-22,21:18:00,-07:00,2026-05-22T21:18:00-07:00,1,12
style.css,558,css,00000000,Not Committed Yet,2026-05-22,21:18:00,-07:00,2026-05-22T21:18:00-07:00,1,55
style.css,559,css,00000000,Not Committed Yet,2026-05-22,21:18:00,-07:00,2026-05-22T21:18:00-07:00,1,16
style.css,560,css,00000000,Not Committed Yet,2026-05-22,21:18:00,-07:00,2026-05-22T21:18:00-07:00,1,8
style.css,561,css,00000000,Not Committed Yet,2026-05-22,21:18:00,-07:00,2026-05-22T21:18:00-07:00,0,0
style.css,562,css,00000000,Not Committed Yet,2026-05-22,21:18:00,-07:00,2026-05-22T21:18:00-07:00,0,0
style.css,563,css,00000000,Not Committed Yet,2026-05-22,21:18:00,-07:00,2026-05-22T21:18:00-07:00,0,12
style.css,564,css,00000000,Not Committed Yet,2026-05-22,21:18:00,-07:00,2026-05-22T21:18:00-07:00,1,12
style.css,565,css,00000000,Not Committed Yet,2026-05-22,21:18:00,-07:00,2026-05-22T21:18:00-07:00,1,18
style.css,566,css,00000000,Not Committed Yet,2026-05-22,21:18:00,-07:00,2026-05-22T21:18:00-07:00,1,29
style.css,567,css,00000000,Not Committed Yet,2026-05-22,21:18:00,-07:00,2026-05-22T21:18:00-07:00,1,20
style.css,568,css,00000000,Not Committed Yet,2026-05-22,21:18:00,-07:00,2026-05-22T21:18:00-07:00,1,81
style.css,569,css,00000000,Not Committed Yet,2026-05-22,21:18:00,-07:00,2026-05-22T21:18:00-07:00,0,0
style.css,570,css,00000000,Not Committed Yet,2026-05-22,21:18:00,-07:00,2026-05-22T21:18:00-07:00,0,0
style.css,571,css,00000000,Not Committed Yet,2026-05-22,21:18:00,-07:00,2026-05-22T21:18:00-07:00,0,9
style.css,572,css,00000000,Not Committed Yet,2026-05-22,21:18:00,-07:00,2026-05-22T21:18:00-07:00,1,13
style.css,573,css,00000000,Not Committed Yet,2026-05-22,21:18:00,-07:00,2026-05-22T21:18:00-07:00,1,11
style.css,574,css,00000000,Not Committed Yet,2026-05-22,21:18:00,-07:00,2026-05-22T21:18:00-07:00,0,0
style.css,575,css,00000000,Not Committed Yet,2026-05-22,21:18:00,-07:00,2026-05-22T21:18:00-07:00,0,0
style.css,576,css,00000000,Not Committed Yet,2026-05-22,21:18:00,-07:00,2026-05-22T21:18:00-07:00,0,14
style.css,577,css,00000000,Not Committed Yet,2026-05-22,21:18:00,-07:00,2026-05-22T21:18:00-07:00,1,22
style.css,578,css,00000000,Not Committed Yet,2026-05-22,21:18:00,-07:00,2026-05-22T21:18:00-07:00,0,0
style.css,579,css,00000000,Not Committed Yet,2026-05-22,21:18:00,-07:00,2026-05-22T21:18:00-07:00,0,0
style.css,580,css,00000000,Not Committed Yet,2026-05-22,21:18:00,-07:00,2026-05-22T21:18:00-07:00,0,15
style.css,581,css,00000000,Not Committed Yet,2026-05-22,21:18:00,-07:00,2026-05-22T21:18:00-07:00,1,13
style.css,582,css,00000000,Not Committed Yet,2026-05-22,21:18:00,-07:00,2026-05-22T21:18:00-07:00,1,18
style.css,583,css,00000000,Not Committed Yet,2026-05-22,21:18:00,-07:00,2026-05-22T21:18:00-07:00,1,49
style.css,584,css,00000000,Not Committed Yet,2026-05-22,21:18:00,-07:00,2026-05-22T21:18:00-07:00,1,16
style.css,585,css,00000000,Not Committed Yet,2026-05-22,21:18:00,-07:00,2026-05-22T21:18:00-07:00,0,0
style.css,586,css,00000000,Not Committed Yet,2026-05-22,21:18:00,-07:00,2026-05-22T21:18:00-07:00,0,0
style.css,587,css,00000000,Not Committed Yet,2026-05-22,21:18:00,-07:00,2026-05-22T21:18:00-07:00,0,9
style.css,588,css,00000000,Not Committed Yet,2026-05-22,21:18:00,-07:00,2026-05-22T21:18:00-07:00,1,12
style.css,589,css,00000000,Not Committed Yet,2026-05-22,21:18:00,-07:00,2026-05-22T21:18:00-07:00,1,13
style.css,590,css,00000000,Not Committed Yet,2026-05-22,21:18:00,-07:00,2026-05-22T21:18:00-07:00,1,14
style.css,591,css,00000000,Not Committed Yet,2026-05-22,21:18:00,-07:00,2026-05-22T21:18:00-07:00,1,19
style.css,592,css,00000000,Not Committed Yet,2026-05-22,21:18:00,-07:00,2026-05-22T21:18:00-07:00,1,17
style.css,593,css,00000000,Not Committed Yet,2026-05-22,21:18:00,-07:00,2026-05-22T21:18:00-07:00,1,10
style.css,594,css,00000000,Not Committed Yet,2026-05-22,21:18:00,-07:00,2026-05-22T21:18:00-07:00,1,8
style.css,595,css,00000000,Not Committed Yet,2026-05-22,21:18:00,-07:00,2026-05-22T21:18:00-07:00,1,18
style.css,596,css,00000000,Not Committed Yet,2026-05-22,21:18:00,-07:00,2026-05-22T21:18:00-07:00,0,0
style.css,597,css,00000000,Not Committed Yet,2026-05-22,21:18:00,-07:00,2026-05-22T21:18:00-07:00,0,0
style.css,598,css,00000000,Not Committed Yet,2026-05-22,21:18:00,-07:00,2026-05-22T21:18:00-07:00,0,4
style.css,599,css,00000000,Not Committed Yet,2026-05-22,21:18:00,-07:00,2026-05-22T21:18:00-07:00,1,12
style.css,600,css,00000000,Not Committed Yet,2026-05-22,21:18:00,-07:00,2026-05-22T21:18:00-07:00,1,11
style.css,601,css,00000000,Not Committed Yet,2026-05-22,21:18:00,-07:00,2026-05-22T21:18:00-07:00,1,14
style.css,602,css,00000000,Not Committed Yet,2026-05-22,21:18:00,-07:00,2026-05-22T21:18:00-07:00,1,17
style.css,603,css,00000000,Not Committed Yet,2026-05-22,21:18:00,-07:00,2026-05-22T21:18:00-07:00,1,34
style.css,604,css,00000000,Not Committed Yet,2026-05-22,21:18:00,-07:00,2026-05-22T21:18:00-07:00,0,0
style.css,605,css,00000000,Not Committed Yet,2026-05-22,21:18:00,-07:00,2026-05-22T21:18:00-07:00,0,0
style.css,606,css,9b2a73f0,kylezhao1026,2026-05-08,19:26:26,-07:00,2026-05-08T19:26:26-07:00,0,25
style.css,607,css,9b2a73f0,kylezhao1026,2026-05-08,19:26:26,-07:00,2026-05-08T19:26:26-07:00,1,24
style.css,608,css,9b2a73f0,kylezhao1026,2026-05-08,19:26:26,-07:00,2026-05-08T19:26:26-07:00,2,12
style.css,609,css,9b2a73f0,kylezhao1026,2026-05-08,19:26:26,-07:00,2026-05-08T19:26:26-07:00,1,0
style.css,610,css,00000000,Not Committed Yet,2026-05-22,21:18:00,-07:00,2026-05-22T21:18:00-07:00,0,0
style.css,611,css,00000000,Not Committed Yet,2026-05-22,21:18:00,-07:00,2026-05-22T21:18:00-07:00,1,11
style.css,612,css,00000000,Not Committed Yet,2026-05-22,21:18:00,-07:00,2026-05-22T21:18:00-07:00,1,9
style.css,613,css,00000000,Not Committed Yet,2026-05-22,21:18:00,-07:00,2026-05-22T21:18:00-07:00,1,5
style.css,614,css,00000000,Not Committed Yet,2026-05-22,21:18:00,-07:00,2026-05-22T21:18:00-07:00,1,12
style.css,615,css,00000000,Not Committed Yet,2026-05-22,21:18:00,-07:00,2026-05-22T21:18:00-07:00,2,12
style.css,616,css,00000000,Not Committed Yet,2026-05-22,21:18:00,-07:00,2026-05-22T21:18:00-07:00,2,25
style.css,617,css,00000000,Not Committed Yet,2026-05-22,21:18:00,-07:00,2026-05-22T21:18:00-07:00,1,0
style.css,618,css,00000000,Not Committed Yet,2026-05-22,21:18:00,-07:00,2026-05-22T21:18:00-07:00,0,0
style.css,619,css,00000000,Not Committed Yet,2026-05-22,21:18:00,-07:00,2026-05-22T21:18:00-07:00,1,17
style.css,620,css,00000000,Not Committed Yet,2026-05-22,21:18:00,-07:00,2026-05-22T21:18:00-07:00,2,15
style.css,621,css,00000000,Not Committed Yet,2026-05-22,21:18:00,-07:00,2026-05-22T21:18:00-07:00,1,0
style.css,622,css,00000000,Not Committed Yet,2026-05-22,21:18:00,-07:00,2026-05-22T21:18:00-07:00,0,0
style.css,623,css,00000000,Not Committed Yet,2026-05-22,21:18:00,-07:00,2026-05-22T21:18:00-07:00,1,13
style.css,624,css,00000000,Not Committed Yet,2026-05-22,21:18:00,-07:00,2026-05-22T21:18:00-07:00,2,15
style.css,625,css,00000000,Not Committed Yet,2026-05-22,21:18:00,-07:00,2026-05-22T21:18:00-07:00,2,11
style.css,626,css,00000000,Not Committed Yet,2026-05-22,21:18:00,-07:00,2026-05-22T21:18:00-07:00,1,0
style.css,627,css,00000000,Not Committed Yet,2026-05-22,21:18:00,-07:00,2026-05-22T21:18:00-07:00,0,0
style.css,628,css,00000000,Not Committed Yet,2026-05-22,21:18:00,-07:00,2026-05-22T21:18:00-07:00,1,5
style.css,629,css,00000000,Not Committed Yet,2026-05-22,21:18:00,-07:00,2026-05-22T21:18:00-07:00,2,15
style.css,630,css,00000000,Not Committed Yet,2026-05-22,21:18:00,-07:00,2026-05-22T21:18:00-07:00,1,0
style.css,631,css,00000000,Not Committed Yet,2026-05-22,21:18:00,-07:00,2026-05-22T21:18:00-07:00,0,0
style.css,632,css,00000000,Not Committed Yet,2026-05-22,21:18:00,-07:00,2026-05-22T21:18:00-07:00,1,8
style.css,633,css,00000000,Not Committed Yet,2026-05-22,21:18:00,-07:00,2026-05-22T21:18:00-07:00,1,9
style.css,634,css,00000000,Not Committed Yet,2026-05-22,21:18:00,-07:00,2026-05-22T21:18:00-07:00,2,13
style.css,635,css,00000000,Not Committed Yet,2026-05-22,21:18:00,-07:00,2026-05-22T21:18:00-07:00,1,0
style.css,636,css,9b2a73f0,kylezhao1026,2026-05-08,19:26:26,-07:00,2026-05-08T19:26:26-07:00,0,0
index.js,1,js,9da9534c,kylezhao1026,2026-04-24,19:15:32,-07:00,2026-04-24T19:15:32-07:00,0,71
index.js,2,js,9da9534c,kylezhao1026,2026-04-24,19:15:32,-07:00,2026-04-24T19:15:32-07:00,0,0
index.js,3,js,9da9534c,kylezhao1026,2026-04-24,19:15:32,-07:00,2026-04-24T19:15:32-07:00,0,60
index.js,4,js,9da9534c,kylezhao1026,2026-04-24,19:15:32,-07:00,2026-04-24T19:15:32-07:00,0,60
index.js,5,js,9da9534c,kylezhao1026,2026-04-24,19:15:32,-07:00,2026-04-24T19:15:32-07:00,0,0
index.js,6,js,9da9534c,kylezhao1026,2026-04-24,19:15:32,-07:00,2026-04-24T19:15:32-07:00,0,3
index.js,7,js,9da9534c,kylezhao1026,2026-04-24,19:15:32,-07:00,2026-04-24T19:15:32-07:00,1,54
index.js,8,js,9da9534c,kylezhao1026,2026-04-24,19:15:32,-07:00,2026-04-24T19:15:32-07:00,1,42
index.js,9,js,9da9534c,kylezhao1026,2026-04-24,19:15:32,-07:00,2026-04-24T19:15:32-07:00,0,0
index.js,10,js,9da9534c,kylezhao1026,2026-04-24,19:15:32,-07:00,2026-04-24T19:15:32-07:00,1,54
index.js,11,js,9da9534c,kylezhao1026,2026-04-24,19:15:32,-07:00,2026-04-24T19:15:32-07:00,0,15
index.js,12,js,9da9534c,kylezhao1026,2026-04-24,19:15:32,-07:00,2026-04-24T19:15:32-07:00,1,56
index.js,13,js,9da9534c,kylezhao1026,2026-04-24,19:15:32,-07:00,2026-04-24T19:15:32-07:00,0,0
index.js,14,js,9da9534c,kylezhao1026,2026-04-24,19:15:32,-07:00,2026-04-24T19:15:32-07:00,1,22
index.js,15,js,9da9534c,kylezhao1026,2026-04-24,19:15:32,-07:00,2026-04-24T19:15:32-07:00,2,72
index.js,16,js,9da9534c,kylezhao1026,2026-04-24,19:15:32,-07:00,2026-04-24T19:15:32-07:00,1,0
index.js,17,js,9da9534c,kylezhao1026,2026-04-24,19:15:32,-07:00,2026-04-24T19:15:32-07:00,0,0
index.js,18,js,9da9534c,kylezhao1026,2026-04-24,19:15:32,-07:00,2026-04-24T19:15:32-07:00,0,0
index.js,19,js,9da9534c,kylezhao1026,2026-04-24,19:15:32,-07:00,2026-04-24T19:15:32-07:00,0,3
index.js,20,js,9da9534c,kylezhao1026,2026-04-24,19:15:32,-07:00,2026-04-24T19:15:32-07:00,1,55
index.js,21,js,9da9534c,kylezhao1026,2026-04-24,19:15:32,-07:00,2026-04-24T19:15:32-07:00,0,0
index.js,22,js,9da9534c,kylezhao1026,2026-04-24,19:15:32,-07:00,2026-04-24T19:15:32-07:00,1,17
index.js,23,js,9da9534c,kylezhao1026,2026-04-24,19:15:32,-07:00,2026-04-24T19:15:32-07:00,2,24
index.js,24,js,9da9534c,kylezhao1026,2026-04-24,19:15:32,-07:00,2026-04-24T19:15:32-07:00,3,2
index.js,25,js,9da9534c,kylezhao1026,2026-04-24,19:15:32,-07:00,2026-04-24T19:15:32-07:00,4,54
index.js,26,js,9da9534c,kylezhao1026,2026-04-24,19:15:32,-07:00,2026-04-24T19:15:32-07:00,4,54
index.js,27,js,9da9534c,kylezhao1026,2026-04-24,19:15:32,-07:00,2026-04-24T19:15:32-07:00,4,48
index.js,28,js,9da9534c,kylezhao1026,2026-04-24,19:15:32,-07:00,2026-04-24T19:15:32-07:00,4,48
index.js,29,js,9da9534c,kylezhao1026,2026-04-24,19:15:32,-07:00,2026-04-24T19:15:32-07:00,3,3
index.js,30,js,9da9534c,kylezhao1026,2026-04-24,19:15:32,-07:00,2026-04-24T19:15:32-07:00,2,0
index.js,31,js,9da9534c,kylezhao1026,2026-04-24,19:15:32,-07:00,2026-04-24T19:15:32-07:00,1,0
index.js,32,js,9da9534c,kylezhao1026,2026-04-24,19:15:32,-07:00,2026-04-24T19:15:32-07:00,0,15
index.js,33,js,9da9534c,kylezhao1026,2026-04-24,19:15:32,-07:00,2026-04-24T19:15:32-07:00,1,58
index.js,34,js,9da9534c,kylezhao1026,2026-04-24,19:15:32,-07:00,2026-04-24T19:15:32-07:00,0,0
index.js,35,js,9da9534c,kylezhao1026,2026-04-24,19:15:32,-07:00,2026-04-24T19:15:32-07:00,1,17
index.js,36,js,9da9534c,kylezhao1026,2026-04-24,19:15:32,-07:00,2026-04-24T19:15:32-07:00,2,79
index.js,37,js,9da9534c,kylezhao1026,2026-04-24,19:15:32,-07:00,2026-04-24T19:15:32-07:00,1,0
index.js,38,js,9da9534c,kylezhao1026,2026-04-24,19:15:32,-07:00,2026-04-24T19:15:32-07:00,0,0
index.html,1,html,8f132c7d,kylezhao1026,2026-04-03,15:58:12,-07:00,2026-04-03T15:58:12-07:00,0,13
index.html,2,html,8f132c7d,kylezhao1026,2026-04-03,15:58:12,-07:00,2026-04-03T15:58:12-07:00,0,14
index.html,3,html,8f132c7d,kylezhao1026,2026-04-03,15:58:12,-07:00,2026-04-03T15:58:12-07:00,0,4
index.html,4,html,8f132c7d,kylezhao1026,2026-04-03,15:58:12,-07:00,2026-04-03T15:58:12-07:00,2,20
index.html,5,html,8f132c7d,kylezhao1026,2026-04-03,15:58:12,-07:00,2026-04-03T15:58:12-07:00,2,68
index.html,6,html,8f132c7d,kylezhao1026,2026-04-03,15:58:12,-07:00,2026-04-03T15:58:12-07:00,2,51
index.html,7,html,88dbaeea,kylezhao1026,2026-04-03,16:34:02,-07:00,2026-04-03T16:34:02-07:00,2,38
index.html,8,html,d8789a01,kylezhao1026,2026-04-17,14:15:12,-07:00,2026-04-17T14:15:12-07:00,2,45
index.html,9,html,9da9534c,kylezhao1026,2026-04-24,19:15:32,-07:00,2026-04-24T19:15:32-07:00,2,44
index.html,10,html,88dbaeea,kylezhao1026,2026-04-03,16:34:02,-07:00,2026-04-03T16:34:02-07:00,0,5
index.html,11,html,88dbaeea,kylezhao1026,2026-04-03,16:34:02,-07:00,2026-04-03T16:34:02-07:00,0,4
index.html,12,html,8f132c7d,kylezhao1026,2026-04-03,15:58:12,-07:00,2026-04-03T15:58:12-07:00,2,2
index.html,13,html,8f132c7d,kylezhao1026,2026-04-03,15:58:12,-07:00,2026-04-03T15:58:12-07:00,4,7
index.html,14,html,8f132c7d,kylezhao1026,2026-04-03,15:58:12,-07:00,2026-04-03T15:58:12-07:00,2,3
index.html,15,html,88dbaeea,kylezhao1026,2026-04-03,16:34:02,-07:00,2026-04-03T16:34:02-07:00,2,44
index.html,16,html,88dbaeea,kylezhao1026,2026-04-03,16:34:02,-07:00,2026-04-03T16:34:02-07:00,2,81
index.html,17,html,9da9534c,kylezhao1026,2026-04-24,19:15:32,-07:00,2026-04-24T19:15:32-07:00,0,0
index.html,18,html,9da9534c,kylezhao1026,2026-04-24,19:15:32,-07:00,2026-04-24T19:15:32-07:00,2,22
index.html,19,html,9da9534c,kylezhao1026,2026-04-24,19:15:32,-07:00,2026-04-24T19:15:32-07:00,2,26
index.html,20,html,9da9534c,kylezhao1026,2026-04-24,19:15:32,-07:00,2026-04-24T19:15:32-07:00,0,0
index.html,21,html,9da9534c,kylezhao1026,2026-04-24,19:15:32,-07:00,2026-04-24T19:15:32-07:00,2,30
index.html,22,html,9da9534c,kylezhao1026,2026-04-24,19:15:32,-07:00,2026-04-24T19:15:32-07:00,4,27
index.html,23,html,9da9534c,kylezhao1026,2026-04-24,19:15:32,-07:00,2026-04-24T19:15:32-07:00,4,28
index.html,24,html,9da9534c,kylezhao1026,2026-04-24,19:15:32,-07:00,2026-04-24T19:15:32-07:00,2,8
index.html,25,html,8f132c7d,kylezhao1026,2026-04-03,15:58:12,-07:00,2026-04-03T15:58:12-07:00,0,5
index.html,26,html,225df61b,kylezhao1026,2026-04-10,18:31:25,-07:00,2026-04-10T18:31:25-07:00,0,5
global.js,1,js,d8789a01,kylezhao1026,2026-04-17,14:15:12,-07:00,2026-04-17T14:15:12-07:00,0,25
global.js,2,js,d8789a01,kylezhao1026,2026-04-17,14:15:12,-07:00,2026-04-17T14:15:12-07:00,0,0
global.js,3,js,d8789a01,kylezhao1026,2026-04-17,14:15:12,-07:00,2026-04-17T14:15:12-07:00,0,41
global.js,4,js,d8789a01,kylezhao1026,2026-04-17,14:15:12,-07:00,2026-04-17T14:15:12-07:00,1,52
global.js,5,js,d8789a01,kylezhao1026,2026-04-17,14:15:12,-07:00,2026-04-17T14:15:12-07:00,0,0
global.js,6,js,d8789a01,kylezhao1026,2026-04-17,14:15:12,-07:00,2026-04-17T14:15:12-07:00,0,0
global.js,7,js,9da9534c,kylezhao1026,2026-04-24,19:15:32,-07:00,2026-04-24T19:15:32-07:00,0,36
global.js,8,js,9da9534c,kylezhao1026,2026-04-24,19:15:32,-07:00,2026-04-24T19:15:32-07:00,1,32
global.js,9,js,9da9534c,kylezhao1026,2026-04-24,19:15:32,-07:00,2026-04-24T19:15:32-07:00,0,0
global.js,10,js,9da9534c,kylezhao1026,2026-04-24,19:15:32,-07:00,2026-04-24T19:15:32-07:00,1,17
global.js,11,js,9da9534c,kylezhao1026,2026-04-24,19:15:32,-07:00,2026-04-24T19:15:32-07:00,2,81
global.js,12,js,9da9534c,kylezhao1026,2026-04-24,19:15:32,-07:00,2026-04-24T19:15:32-07:00,1,0
global.js,13,js,9da9534c,kylezhao1026,2026-04-24,19:15:32,-07:00,2026-04-24T19:15:32-07:00,0,0
global.js,14,js,9da9534c,kylezhao1026,2026-04-24,19:15:32,-07:00,2026-04-24T19:15:32-07:00,1,21
global.js,15,js,9da9534c,kylezhao1026,2026-04-24,19:15:32,-07:00,2026-04-24T19:15:32-07:00,0,0
global.js,16,js,9da9534c,kylezhao1026,2026-04-24,19:15:32,-07:00,2026-04-24T19:15:32-07:00,0,0
global.js,17,js,9da9534c,kylezhao1026,2026-04-24,19:15:32,-07:00,2026-04-24T19:15:32-07:00,0,79
global.js,18,js,9da9534c,kylezhao1026,2026-04-24,19:15:32,-07:00,2026-04-24T19:15:32-07:00,1,22
global.js,19,js,9da9534c,kylezhao1026,2026-04-24,19:15:32,-07:00,2026-04-24T19:15:32-07:00,2,5
global.js,20,js,9da9534c,kylezhao1026,2026-04-24,19:15:32,-07:00,2026-04-24T19:15:32-07:00,1,0
global.js,21,js,9da9534c,kylezhao1026,2026-04-24,19:15:32,-07:00,2026-04-24T19:15:32-07:00,0,0
global.js,22,js,9da9534c,kylezhao1026,2026-04-24,19:15:32,-07:00,2026-04-24T19:15:32-07:00,1,30
global.js,23,js,9da9534c,kylezhao1026,2026-04-24,19:15:32,-07:00,2026-04-24T19:15:32-07:00,0,0
global.js,24,js,9da9534c,kylezhao1026,2026-04-24,19:15:32,-07:00,2026-04-24T19:15:32-07:00,1,54
global.js,25,js,9da9534c,kylezhao1026,2026-04-24,19:15:32,-07:00,2026-04-24T19:15:32-07:00,2,63
global.js,26,js,9da9534c,kylezhao1026,2026-04-24,19:15:32,-07:00,2026-04-24T19:15:32-07:00,2,5
global.js,27,js,9da9534c,kylezhao1026,2026-04-24,19:15:32,-07:00,2026-04-24T19:15:32-07:00,1,0
global.js,28,js,9da9534c,kylezhao1026,2026-04-24,19:15:32,-07:00,2026-04-24T19:15:32-07:00,0,0
global.js,29,js,9da9534c,kylezhao1026,2026-04-24,19:15:32,-07:00,2026-04-24T19:15:32-07:00,1,70
global.js,30,js,9da9534c,kylezhao1026,2026-04-24,19:15:32,-07:00,2026-04-24T19:15:32-07:00,0,0
global.js,31,js,9da9534c,kylezhao1026,2026-04-24,19:15:32,-07:00,2026-04-24T19:15:32-07:00,1,31
global.js,32,js,9da9534c,kylezhao1026,2026-04-24,19:15:32,-07:00,2026-04-24T19:15:32-07:00,2,48
global.js,33,js,9da9534c,kylezhao1026,2026-04-24,19:15:32,-07:00,2026-04-24T19:15:32-07:00,2,48
global.js,34,js,9da9534c,kylezhao1026,2026-04-24,19:15:32,-07:00,2026-04-24T19:15:32-07:00,2,89
global.js,35,js,9da9534c,kylezhao1026,2026-04-24,19:15:32,-07:00,2026-04-24T19:15:32-07:00,2,11
global.js,36,js,9da9534c,kylezhao1026,2026-04-24,19:15:32,-07:00,2026-04-24T19:15:32-07:00,3,32
global.js,37,js,9da9534c,kylezhao1026,2026-04-24,19:15:32,-07:00,2026-04-24T19:15:32-07:00,3,33
global.js,38,js,9da9534c,kylezhao1026,2026-04-24,19:15:32,-07:00,2026-04-24T19:15:32-07:00,3,23
global.js,39,js,9da9534c,kylezhao1026,2026-04-24,19:15:32,-07:00,2026-04-24T19:15:32-07:00,4,9
global.js,40,js,9da9534c,kylezhao1026,2026-04-24,19:15:32,-07:00,2026-04-24T19:15:32-07:00,4,27
global.js,41,js,9da9534c,kylezhao1026,2026-04-24,19:15:32,-07:00,2026-04-24T19:15:32-07:00,2,76
global.js,42,js,9da9534c,kylezhao1026,2026-04-24,19:15:32,-07:00,2026-04-24T19:15:32-07:00,2,77
global.js,43,js,9da9534c,kylezhao1026,2026-04-24,19:15:32,-07:00,2026-04-24T19:15:32-07:00,0,0
global.js,44,js,9da9534c,kylezhao1026,2026-04-24,19:15:32,-07:00,2026-04-24T19:15:32-07:00,2,19
global.js,45,js,9da9534c,kylezhao1026,2026-04-24,19:15:32,-07:00,2026-04-24T19:15:32-07:00,3,37
global.js,46,js,9da9534c,kylezhao1026,2026-04-24,19:15:32,-07:00,2026-04-24T19:15:32-07:00,3,33
global.js,47,js,2b3deabc,kylezhao1026,2026-05-01,20:13:55,-07:00,2026-05-01T20:13:55-07:00,3,27
global.js,48,js,2b3deabc,kylezhao1026,2026-05-01,20:13:55,-07:00,2026-05-01T20:13:55-07:00,4,47
global.js,49,js,2b3deabc,kylezhao1026,2026-05-01,20:13:55,-07:00,2026-05-01T20:13:55-07:00,4,5
global.js,50,js,2b3deabc,kylezhao1026,2026-05-01,20:13:55,-07:00,2026-05-01T20:13:55-07:00,3,4
global.js,51,js,9da9534c,kylezhao1026,2026-04-24,19:15:32,-07:00,2026-04-24T19:15:32-07:00,2,0
global.js,52,js,9da9534c,kylezhao1026,2026-04-24,19:15:32,-07:00,2026-04-24T19:15:32-07:00,0,0
global.js,53,js,9da9534c,kylezhao1026,2026-04-24,19:15:32,-07:00,2026-04-24T19:15:32-07:00,2,31
global.js,54,js,9da9534c,kylezhao1026,2026-04-24,19:15:32,-07:00,2026-04-24T19:15:32-07:00,1,0
global.js,55,js,9da9534c,kylezhao1026,2026-04-24,19:15:32,-07:00,2026-04-24T19:15:32-07:00,0,0
global.js,56,js,9da9534c,kylezhao1026,2026-04-24,19:15:32,-07:00,2026-04-24T19:15:32-07:00,0,0
global.js,57,js,9da9534c,kylezhao1026,2026-04-24,19:15:32,-07:00,2026-04-24T19:15:32-07:00,0,47
global.js,58,js,9da9534c,kylezhao1026,2026-04-24,19:15:32,-07:00,2026-04-24T19:15:32-07:00,1,59
global.js,59,js,9da9534c,kylezhao1026,2026-04-24,19:15:32,-07:00,2026-04-24T19:15:32-07:00,0,0
global.js,60,js,9da9534c,kylezhao1026,2026-04-24,19:15:32,-07:00,2026-04-24T19:15:32-07:00,0,0
global.js,61,js,d8789a01,kylezhao1026,2026-04-17,14:15:12,-07:00,2026-04-17T14:15:12-07:00,0,15
global.js,62,js,d8789a01,kylezhao1026,2026-04-17,14:15:12,-07:00,2026-04-17T14:15:12-07:00,1,68
global.js,63,js,d8789a01,kylezhao1026,2026-04-17,14:15:12,-07:00,2026-04-17T14:15:12-07:00,2,3
global.js,64,js,d8789a01,kylezhao1026,2026-04-17,14:15:12,-07:00,2026-04-17T14:15:12-07:00,2,16
global.js,65,js,d8789a01,kylezhao1026,2026-04-17,14:15:12,-07:00,2026-04-17T14:15:12-07:00,0,0
global.js,66,js,d8789a01,kylezhao1026,2026-04-17,14:15:12,-07:00,2026-04-17T14:15:12-07:00,0,11
global.js,67,js,d8789a01,kylezhao1026,2026-04-17,14:15:12,-07:00,2026-04-17T14:15:12-07:00,1,25
global.js,68,js,d8789a01,kylezhao1026,2026-04-17,14:15:12,-07:00,2026-04-17T14:15:12-07:00,1,38
global.js,69,js,9b2a73f0,kylezhao1026,2026-05-08,19:26:26,-07:00,2026-05-08T19:26:26-07:00,1,30
global.js,70,js,d8789a01,kylezhao1026,2026-04-17,14:15:12,-07:00,2026-04-17T14:15:12-07:00,1,36
global.js,71,js,d8789a01,kylezhao1026,2026-04-17,14:15:12,-07:00,2026-04-17T14:15:12-07:00,1,34
global.js,72,js,d8789a01,kylezhao1026,2026-04-17,14:15:12,-07:00,2026-04-17T14:15:12-07:00,1,58
global.js,73,js,d8789a01,kylezhao1026,2026-04-17,14:15:12,-07:00,2026-04-17T14:15:12-07:00,0,0
global.js,74,js,d8789a01,kylezhao1026,2026-04-17,14:15:12,-07:00,2026-04-17T14:15:12-07:00,0,0
global.js,75,js,d8789a01,kylezhao1026,2026-04-17,14:15:12,-07:00,2026-04-17T14:15:12-07:00,0,38
global.js,76,js,d8789a01,kylezhao1026,2026-04-17,14:15:12,-07:00,2026-04-17T14:15:12-07:00,0,25
global.js,77,js,d8789a01,kylezhao1026,2026-04-17,14:15:12,-07:00,2026-04-17T14:15:12-07:00,0,0
global.js,78,js,d8789a01,kylezhao1026,2026-04-17,14:15:12,-07:00,2026-04-17T14:15:12-07:00,0,20
global.js,79,js,d8789a01,kylezhao1026,2026-04-17,14:15:12,-07:00,2026-04-17T14:15:12-07:00,1,14
global.js,80,js,d8789a01,kylezhao1026,2026-04-17,14:15:12,-07:00,2026-04-17T14:15:12-07:00,1,18
global.js,81,js,d8789a01,kylezhao1026,2026-04-17,14:15:12,-07:00,2026-04-17T14:15:12-07:00,0,0
global.js,82,js,d8789a01,kylezhao1026,2026-04-17,14:15:12,-07:00,2026-04-17T14:15:12-07:00,1,52
global.js,83,js,d8789a01,kylezhao1026,2026-04-17,14:15:12,-07:00,2026-04-17T14:15:12-07:00,0,0
global.js,84,js,d8789a01,kylezhao1026,2026-04-17,14:15:12,-07:00,2026-04-17T14:15:12-07:00,1,34
global.js,85,js,d8789a01,kylezhao1026,2026-04-17,14:15:12,-07:00,2026-04-17T14:15:12-07:00,1,11
global.js,86,js,d8789a01,kylezhao1026,2026-04-17,14:15:12,-07:00,2026-04-17T14:15:12-07:00,1,20
global.js,87,js,d8789a01,kylezhao1026,2026-04-17,14:15:12,-07:00,2026-04-17T14:15:12-07:00,1,17
global.js,88,js,d8789a01,kylezhao1026,2026-04-17,14:15:12,-07:00,2026-04-17T14:15:12-07:00,2,8
global.js,89,js,d8789a01,kylezhao1026,2026-04-17,14:15:12,-07:00,2026-04-17T14:15:12-07:00,2,59
global.js,90,js,d8789a01,kylezhao1026,2026-04-17,14:15:12,-07:00,2026-04-17T14:15:12-07:00,1,0
global.js,91,js,d8789a01,kylezhao1026,2026-04-17,14:15:12,-07:00,2026-04-17T14:15:12-07:00,1,29
global.js,92,js,d8789a01,kylezhao1026,2026-04-17,14:15:12,-07:00,2026-04-17T14:15:12-07:00,2,18
global.js,93,js,d8789a01,kylezhao1026,2026-04-17,14:15:12,-07:00,2026-04-17T14:15:12-07:00,2,17
global.js,94,js,d8789a01,kylezhao1026,2026-04-17,14:15:12,-07:00,2026-04-17T14:15:12-07:00,1,0
global.js,95,js,d8789a01,kylezhao1026,2026-04-17,14:15:12,-07:00,2026-04-17T14:15:12-07:00,1,12
global.js,96,js,d8789a01,kylezhao1026,2026-04-17,14:15:12,-07:00,2026-04-17T14:15:12-07:00,0,0
global.js,97,js,d8789a01,kylezhao1026,2026-04-17,14:15:12,-07:00,2026-04-17T14:15:12-07:00,0,0
global.js,98,js,d8789a01,kylezhao1026,2026-04-17,14:15:12,-07:00,2026-04-17T14:15:12-07:00,0,31
global.js,99,js,d8789a01,kylezhao1026,2026-04-17,14:15:12,-07:00,2026-04-17T14:15:12-07:00,1,11
global.js,100,js,d8789a01,kylezhao1026,2026-04-17,14:15:12,-07:00,2026-04-17T14:15:12-07:00,1,0
global.js,101,js,d8789a01,kylezhao1026,2026-04-17,14:15:12,-07:00,2026-04-17T14:15:12-07:00,2,26
global.js,102,js,d8789a01,kylezhao1026,2026-04-17,14:15:12,-07:00,2026-04-17T14:15:12-07:00,3,4
global.js,103,js,d8789a01,kylezhao1026,2026-04-17,14:15:12,-07:00,2026-04-17T14:15:12-07:00,3,6
global.js,104,js,d8789a01,kylezhao1026,2026-04-17,14:15:12,-07:00,2026-04-17T14:15:12-07:00,4,43
global.js,105,js,d8789a01,kylezhao1026,2026-04-17,14:15:12,-07:00,2026-04-17T14:15:12-07:00,4,34
global.js,106,js,d8789a01,kylezhao1026,2026-04-17,14:15:12,-07:00,2026-04-17T14:15:12-07:00,4,32
global.js,107,js,d8789a01,kylezhao1026,2026-04-17,14:15:12,-07:00,2026-04-17T14:15:12-07:00,3,7
global.js,108,js,d8789a01,kylezhao1026,2026-04-17,14:15:12,-07:00,2026-04-17T14:15:12-07:00,2,8
global.js,109,js,d8789a01,kylezhao1026,2026-04-17,14:15:12,-07:00,2026-04-17T14:15:12-07:00,0,0
global.js,110,js,d8789a01,kylezhao1026,2026-04-17,14:15:12,-07:00,2026-04-17T14:15:12-07:00,0,0
global.js,111,js,d8789a01,kylezhao1026,2026-04-17,14:15:12,-07:00,2026-04-17T14:15:12-07:00,0,58
global.js,112,js,d8789a01,kylezhao1026,2026-04-17,14:15:12,-07:00,2026-04-17T14:15:12-07:00,0,0
global.js,113,js,d8789a01,kylezhao1026,2026-04-17,14:15:12,-07:00,2026-04-17T14:15:12-07:00,0,36
global.js,114,js,d8789a01,kylezhao1026,2026-04-17,14:15:12,-07:00,2026-04-17T14:15:12-07:00,1,70
global.js,115,js,d8789a01,kylezhao1026,2026-04-17,14:15:12,-07:00,2026-04-17T14:15:12-07:00,1,25
global.js,116,js,d8789a01,kylezhao1026,2026-04-17,14:15:12,-07:00,2026-04-17T14:15:12-07:00,0,0
global.js,117,js,d8789a01,kylezhao1026,2026-04-17,14:15:12,-07:00,2026-04-17T14:15:12-07:00,0,0
global.js,118,js,d8789a01,kylezhao1026,2026-04-17,14:15:12,-07:00,2026-04-17T14:15:12-07:00,0,34
global.js,119,js,d8789a01,kylezhao1026,2026-04-17,14:15:12,-07:00,2026-04-17T14:15:12-07:00,1,39
global.js,120,js,d8789a01,kylezhao1026,2026-04-17,14:15:12,-07:00,2026-04-17T14:15:12-07:00,0,0
global.js,121,js,d8789a01,kylezhao1026,2026-04-17,14:15:12,-07:00,2026-04-17T14:15:12-07:00,0,0
global.js,122,js,d8789a01,kylezhao1026,2026-04-17,14:15:12,-07:00,2026-04-17T14:15:12-07:00,0,43
global.js,123,js,d8789a01,kylezhao1026,2026-04-17,14:15:12,-07:00,2026-04-17T14:15:12-07:00,1,33
global.js,124,js,d8789a01,kylezhao1026,2026-04-17,14:15:12,-07:00,2026-04-17T14:15:12-07:00,1,44
global.js,125,js,d8789a01,kylezhao1026,2026-04-17,14:15:12,-07:00,2026-04-17T14:15:12-07:00,0,1
global.js,126,js,d8789a01,kylezhao1026,2026-04-17,14:15:12,-07:00,2026-04-17T14:15:12-07:00,0,0
global.js,127,js,d8789a01,kylezhao1026,2026-04-17,14:15:12,-07:00,2026-04-17T14:15:12-07:00,0,40
global.js,128,js,d8789a01,kylezhao1026,2026-04-17,14:15:12,-07:00,2026-04-17T14:15:12-07:00,0,0
global.js,129,js,d8789a01,kylezhao1026,2026-04-17,14:15:12,-07:00,2026-04-17T14:15:12-07:00,0,43
global.js,130,js,d8789a01,kylezhao1026,2026-04-17,14:15:12,-07:00,2026-04-17T14:15:12-07:00,1,21
global.js,131,js,d8789a01,kylezhao1026,2026-04-17,14:15:12,-07:00,2026-04-17T14:15:12-07:00,0,0
global.js,132,js,d8789a01,kylezhao1026,2026-04-17,14:15:12,-07:00,2026-04-17T14:15:12-07:00,1,28
global.js,133,js,d8789a01,kylezhao1026,2026-04-17,14:15:12,-07:00,2026-04-17T14:15:12-07:00,1,14
global.js,134,js,d8789a01,kylezhao1026,2026-04-17,14:15:12,-07:00,2026-04-17T14:15:12-07:00,0,0
global.js,135,js,d8789a01,kylezhao1026,2026-04-17,14:15:12,-07:00,2026-04-17T14:15:12-07:00,1,31
global.js,136,js,d8789a01,kylezhao1026,2026-04-17,14:15:12,-07:00,2026-04-17T14:15:12-07:00,2,50
global.js,137,js,d8789a01,kylezhao1026,2026-04-17,14:15:12,-07:00,2026-04-17T14:15:12-07:00,1,0
global.js,138,js,d8789a01,kylezhao1026,2026-04-17,14:15:12,-07:00,2026-04-17T14:15:12-07:00,0,0
global.js,139,js,d8789a01,kylezhao1026,2026-04-17,14:15:12,-07:00,2026-04-17T14:15:12-07:00,1,51
global.js,140,js,d8789a01,kylezhao1026,2026-04-17,14:15:12,-07:00,2026-04-17T14:15:12-07:00,0,1
contact/index.html,1,html,88dbaeea,kylezhao1026,2026-04-03,16:34:02,-07:00,2026-04-03T16:34:02-07:00,0,13
contact/index.html,2,html,88dbaeea,kylezhao1026,2026-04-03,16:34:02,-07:00,2026-04-03T16:34:02-07:00,0,14
contact/index.html,3,html,88dbaeea,kylezhao1026,2026-04-03,16:34:02,-07:00,2026-04-03T16:34:02-07:00,0,4
contact/index.html,4,html,88dbaeea,kylezhao1026,2026-04-03,16:34:02,-07:00,2026-04-03T16:34:02-07:00,2,20
contact/index.html,5,html,88dbaeea,kylezhao1026,2026-04-03,16:34:02,-07:00,2026-04-03T16:34:02-07:00,2,68
contact/index.html,6,html,88dbaeea,kylezhao1026,2026-04-03,16:34:02,-07:00,2026-04-03T16:34:02-07:00,2,20
contact/index.html,7,html,225df61b,kylezhao1026,2026-04-10,18:31:25,-07:00,2026-04-10T18:31:25-07:00,2,41
contact/index.html,8,html,d8789a01,kylezhao1026,2026-04-17,14:15:12,-07:00,2026-04-17T14:15:12-07:00,2,48
contact/index.html,9,html,88dbaeea,kylezhao1026,2026-04-03,16:34:02,-07:00,2026-04-03T16:34:02-07:00,0,5
contact/index.html,10,html,88dbaeea,kylezhao1026,2026-04-03,16:34:02,-07:00,2026-04-03T16:34:02-07:00,0,4
contact/index.html,11,html,88dbaeea,kylezhao1026,2026-04-03,16:34:02,-07:00,2026-04-03T16:34:02-07:00,2,14
contact/index.html,12,html,d8789a01,kylezhao1026,2026-04-17,14:15:12,-07:00,2026-04-17T14:15:12-07:00,2,36
contact/index.html,13,html,225df61b,kylezhao1026,2026-04-10,18:31:25,-07:00,2026-04-10T18:31:25-07:00,4,5
contact/index.html,14,html,225df61b,kylezhao1026,2026-04-10,18:31:25,-07:00,2026-04-10T18:31:25-07:00,6,4
contact/index.html,15,html,225df61b,kylezhao1026,2026-04-10,18:31:25,-07:00,2026-04-10T18:31:25-07:00,6,42
contact/index.html,16,html,225df61b,kylezhao1026,2026-04-10,18:31:25,-07:00,2026-04-10T18:31:25-07:00,4,6
contact/index.html,17,html,225df61b,kylezhao1026,2026-04-10,18:31:25,-07:00,2026-04-10T18:31:25-07:00,4,5
contact/index.html,18,html,225df61b,kylezhao1026,2026-04-10,18:31:25,-07:00,2026-04-10T18:31:25-07:00,6,6
contact/index.html,19,html,225df61b,kylezhao1026,2026-04-10,18:31:25,-07:00,2026-04-10T18:31:25-07:00,6,33
contact/index.html,20,html,225df61b,kylezhao1026,2026-04-10,18:31:25,-07:00,2026-04-10T18:31:25-07:00,4,6
contact/index.html,21,html,225df61b,kylezhao1026,2026-04-10,18:31:25,-07:00,2026-04-10T18:31:25-07:00,4,5
contact/index.html,22,html,225df61b,kylezhao1026,2026-04-10,18:31:25,-07:00,2026-04-10T18:31:25-07:00,6,6
contact/index.html,23,html,225df61b,kylezhao1026,2026-04-10,18:31:25,-07:00,2026-04-10T18:31:25-07:00,6,41
contact/index.html,24,html,225df61b,kylezhao1026,2026-04-10,18:31:25,-07:00,2026-04-10T18:31:25-07:00,4,6
contact/index.html,25,html,88dbaeea,kylezhao1026,2026-04-03,16:34:02,-07:00,2026-04-03T16:34:02-07:00,4,21
contact/index.html,26,html,88dbaeea,kylezhao1026,2026-04-03,16:34:02,-07:00,2026-04-03T16:34:02-07:00,2,5
contact/index.html,27,html,88dbaeea,kylezhao1026,2026-04-03,16:34:02,-07:00,2026-04-03T16:34:02-07:00,0,5
contact/index.html,28,html,225df61b,kylezhao1026,2026-04-10,18:31:25,-07:00,2026-04-10T18:31:25-07:00,0,5
projects/projects.js,1,js,2b3deabc,kylezhao1026,2026-05-01,20:13:55,-07:00,2026-05-01T20:13:55-07:00,0,63
projects/projects.js,2,js,9da9534c,kylezhao1026,2026-04-24,19:15:32,-07:00,2026-04-24T19:15:32-07:00,0,55
projects/projects.js,3,js,9da9534c,kylezhao1026,2026-04-24,19:15:32,-07:00,2026-04-24T19:15:32-07:00,0,0
projects/projects.js,4,js,9da9534c,kylezhao1026,2026-04-24,19:15:32,-07:00,2026-04-24T19:15:32-07:00,0,60
projects/projects.js,5,js,9da9534c,kylezhao1026,2026-04-24,19:15:32,-07:00,2026-04-24T19:15:32-07:00,0,62
projects/projects.js,6,js,2b3deabc,kylezhao1026,2026-05-01,20:13:55,-07:00,2026-05-01T20:13:55-07:00,0,55
projects/projects.js,7,js,2b3deabc,kylezhao1026,2026-05-01,20:13:55,-07:00,2026-05-01T20:13:55-07:00,0,42
projects/projects.js,8,js,2b3deabc,kylezhao1026,2026-05-01,20:13:55,-07:00,2026-05-01T20:13:55-07:00,0,34
projects/projects.js,9,js,9da9534c,kylezhao1026,2026-04-24,19:15:32,-07:00,2026-04-24T19:15:32-07:00,0,0
projects/projects.js,10,js,2b3deabc,kylezhao1026,2026-05-01,20:13:55,-07:00,2026-05-01T20:13:55-07:00,0,16
projects/projects.js,11,js,2b3deabc,kylezhao1026,2026-05-01,20:13:55,-07:00,2026-05-01T20:13:55-07:00,0,13
projects/projects.js,12,js,2b3deabc,kylezhao1026,2026-05-01,20:13:55,-07:00,2026-05-01T20:13:55-07:00,0,22
projects/projects.js,13,js,2b3deabc,kylezhao1026,2026-05-01,20:13:55,-07:00,2026-05-01T20:13:55-07:00,0,15
projects/projects.js,14,js,2b3deabc,kylezhao1026,2026-05-01,20:13:55,-07:00,2026-05-01T20:13:55-07:00,0,49
projects/projects.js,15,js,2b3deabc,kylezhao1026,2026-05-01,20:13:55,-07:00,2026-05-01T20:13:55-07:00,0,0
projects/projects.js,16,js,2b3deabc,kylezhao1026,2026-05-01,20:13:55,-07:00,2026-05-01T20:13:55-07:00,0,25
projects/projects.js,17,js,2b3deabc,kylezhao1026,2026-05-01,20:13:55,-07:00,2026-05-01T20:13:55-07:00,1,30
projects/projects.js,18,js,2b3deabc,kylezhao1026,2026-05-01,20:13:55,-07:00,2026-05-01T20:13:55-07:00,0,0
projects/projects.js,19,js,2b3deabc,kylezhao1026,2026-05-01,20:13:55,-07:00,2026-05-01T20:13:55-07:00,1,10
projects/projects.js,20,js,2b3deabc,kylezhao1026,2026-05-01,20:13:55,-07:00,2026-05-01T20:13:55-07:00,2,55
projects/projects.js,21,js,2b3deabc,kylezhao1026,2026-05-01,20:13:55,-07:00,2026-05-01T20:13:55-07:00,3,61
projects/projects.js,22,js,2b3deabc,kylezhao1026,2026-05-01,20:13:55,-07:00,2026-05-01T20:13:55-07:00,3,42
projects/projects.js,23,js,2b3deabc,kylezhao1026,2026-05-01,20:13:55,-07:00,2026-05-01T20:13:55-07:00,2,1
projects/projects.js,24,js,2b3deabc,kylezhao1026,2026-05-01,20:13:55,-07:00,2026-05-01T20:13:55-07:00,1,0
projects/projects.js,25,js,2b3deabc,kylezhao1026,2026-05-01,20:13:55,-07:00,2026-05-01T20:13:55-07:00,0,0
projects/projects.js,26,js,2b3deabc,kylezhao1026,2026-05-01,20:13:55,-07:00,2026-05-01T20:13:55-07:00,1,17
projects/projects.js,27,js,2b3deabc,kylezhao1026,2026-05-01,20:13:55,-07:00,2026-05-01T20:13:55-07:00,2,41
projects/projects.js,28,js,2b3deabc,kylezhao1026,2026-05-01,20:13:55,-07:00,2026-05-01T20:13:55-07:00,3,49
projects/projects.js,29,js,2b3deabc,kylezhao1026,2026-05-01,20:13:55,-07:00,2026-05-01T20:13:55-07:00,2,0
projects/projects.js,30,js,2b3deabc,kylezhao1026,2026-05-01,20:13:55,-07:00,2026-05-01T20:13:55-07:00,1,0
projects/projects.js,31,js,2b3deabc,kylezhao1026,2026-05-01,20:13:55,-07:00,2026-05-01T20:13:55-07:00,0,0
projects/projects.js,32,js,2b3deabc,kylezhao1026,2026-05-01,20:13:55,-07:00,2026-05-01T20:13:55-07:00,1,22
projects/projects.js,33,js,2b3deabc,kylezhao1026,2026-05-01,20:13:55,-07:00,2026-05-01T20:13:55-07:00,0,0
projects/projects.js,34,js,2b3deabc,kylezhao1026,2026-05-01,20:13:55,-07:00,2026-05-01T20:13:55-07:00,0,0
projects/projects.js,35,js,2b3deabc,kylezhao1026,2026-05-01,20:13:55,-07:00,2026-05-01T20:13:55-07:00,0,38
projects/projects.js,36,js,2b3deabc,kylezhao1026,2026-05-01,20:13:55,-07:00,2026-05-01T20:13:55-07:00,1,28
projects/projects.js,37,js,2b3deabc,kylezhao1026,2026-05-01,20:13:55,-07:00,2026-05-01T20:13:55-07:00,2,12
projects/projects.js,38,js,2b3deabc,kylezhao1026,2026-05-01,20:13:55,-07:00,2026-05-01T20:13:55-07:00,2,14
projects/projects.js,39,js,2b3deabc,kylezhao1026,2026-05-01,20:13:55,-07:00,2026-05-01T20:13:55-07:00,2,20
projects/projects.js,40,js,2b3deabc,kylezhao1026,2026-05-01,20:13:55,-07:00,2026-05-01T20:13:55-07:00,1,0
projects/projects.js,41,js,2b3deabc,kylezhao1026,2026-05-01,20:13:55,-07:00,2026-05-01T20:13:55-07:00,0,0
projects/projects.js,42,js,2b3deabc,kylezhao1026,2026-05-01,20:13:55,-07:00,2026-05-01T20:13:55-07:00,1,43
projects/projects.js,43,js,2b3deabc,kylezhao1026,2026-05-01,20:13:55,-07:00,2026-05-01T20:13:55-07:00,2,35
projects/projects.js,44,js,2b3deabc,kylezhao1026,2026-05-01,20:13:55,-07:00,2026-05-01T20:13:55-07:00,1,1
projects/projects.js,45,js,2b3deabc,kylezhao1026,2026-05-01,20:13:55,-07:00,2026-05-01T20:13:55-07:00,0,0
projects/projects.js,46,js,2b3deabc,kylezhao1026,2026-05-01,20:13:55,-07:00,2026-05-01T20:13:55-07:00,1,59
projects/projects.js,47,js,2b3deabc,kylezhao1026,2026-05-01,20:13:55,-07:00,2026-05-01T20:13:55-07:00,1,52
projects/projects.js,48,js,2b3deabc,kylezhao1026,2026-05-01,20:13:55,-07:00,2026-05-01T20:13:55-07:00,1,38
projects/projects.js,49,js,2b3deabc,kylezhao1026,2026-05-01,20:13:55,-07:00,2026-05-01T20:13:55-07:00,1,47
projects/projects.js,50,js,2b3deabc,kylezhao1026,2026-05-01,20:13:55,-07:00,2026-05-01T20:13:55-07:00,0,0
projects/projects.js,51,js,2b3deabc,kylezhao1026,2026-05-01,20:13:55,-07:00,2026-05-01T20:13:55-07:00,1,29
projects/projects.js,52,js,2b3deabc,kylezhao1026,2026-05-01,20:13:55,-07:00,2026-05-01T20:13:55-07:00,1,30
projects/projects.js,53,js,2b3deabc,kylezhao1026,2026-05-01,20:13:55,-07:00,2026-05-01T20:13:55-07:00,0,0
projects/projects.js,54,js,2b3deabc,kylezhao1026,2026-05-01,20:13:55,-07:00,2026-05-01T20:13:55-07:00,1,24
projects/projects.js,55,js,2b3deabc,kylezhao1026,2026-05-01,20:13:55,-07:00,2026-05-01T20:13:55-07:00,2,1
projects/projects.js,56,js,2b3deabc,kylezhao1026,2026-05-01,20:13:55,-07:00,2026-05-01T20:13:55-07:00,3,13
projects/projects.js,57,js,2b3deabc,kylezhao1026,2026-05-01,20:13:55,-07:00,2026-05-01T20:13:55-07:00,3,13
projects/projects.js,58,js,2b3deabc,kylezhao1026,2026-05-01,20:13:55,-07:00,2026-05-01T20:13:55-07:00,3,22
projects/projects.js,59,js,2b3deabc,kylezhao1026,2026-05-01,20:13:55,-07:00,2026-05-01T20:13:55-07:00,3,65
projects/projects.js,60,js,2b3deabc,kylezhao1026,2026-05-01,20:13:55,-07:00,2026-05-01T20:13:55-07:00,3,18
projects/projects.js,61,js,2b3deabc,kylezhao1026,2026-05-01,20:13:55,-07:00,2026-05-01T20:13:55-07:00,4,73
projects/projects.js,62,js,2b3deabc,kylezhao1026,2026-05-01,20:13:55,-07:00,2026-05-01T20:13:55-07:00,4,11
projects/projects.js,63,js,2b3deabc,kylezhao1026,2026-05-01,20:13:55,-07:00,2026-05-01T20:13:55-07:00,3,1
projects/projects.js,64,js,2b3deabc,kylezhao1026,2026-05-01,20:13:55,-07:00,2026-05-01T20:13:55-07:00,1,1
projects/projects.js,65,js,2b3deabc,kylezhao1026,2026-05-01,20:13:55,-07:00,2026-05-01T20:13:55-07:00,0,0
projects/projects.js,66,js,2b3deabc,kylezhao1026,2026-05-01,20:13:55,-07:00,2026-05-01T20:13:55-07:00,1,25
projects/projects.js,67,js,2b3deabc,kylezhao1026,2026-05-01,20:13:55,-07:00,2026-05-01T20:13:55-07:00,2,4
projects/projects.js,68,js,2b3deabc,kylezhao1026,2026-05-01,20:13:55,-07:00,2026-05-01T20:13:55-07:00,3,11
projects/projects.js,69,js,2b3deabc,kylezhao1026,2026-05-01,20:13:55,-07:00,2026-05-01T20:13:55-07:00,3,36
projects/projects.js,70,js,2b3deabc,kylezhao1026,2026-05-01,20:13:55,-07:00,2026-05-01T20:13:55-07:00,3,4
projects/projects.js,71,js,2b3deabc,kylezhao1026,2026-05-01,20:13:55,-07:00,2026-05-01T20:13:55-07:00,4,6
projects/projects.js,72,js,2b3deabc,kylezhao1026,2026-05-01,20:13:55,-07:00,2026-05-01T20:13:55-07:00,4,64
projects/projects.js,73,js,2b3deabc,kylezhao1026,2026-05-01,20:13:55,-07:00,2026-05-01T20:13:55-07:00,3,0
projects/projects.js,74,js,2b3deabc,kylezhao1026,2026-05-01,20:13:55,-07:00,2026-05-01T20:13:55-07:00,3,68
projects/projects.js,75,js,2b3deabc,kylezhao1026,2026-05-01,20:13:55,-07:00,2026-05-01T20:13:55-07:00,3,18
projects/projects.js,76,js,2b3deabc,kylezhao1026,2026-05-01,20:13:55,-07:00,2026-05-01T20:13:55-07:00,4,55
projects/projects.js,77,js,2b3deabc,kylezhao1026,2026-05-01,20:13:55,-07:00,2026-05-01T20:13:55-07:00,4,11
projects/projects.js,78,js,2b3deabc,kylezhao1026,2026-05-01,20:13:55,-07:00,2026-05-01T20:13:55-07:00,3,1
projects/projects.js,79,js,2b3deabc,kylezhao1026,2026-05-01,20:13:55,-07:00,2026-05-01T20:13:55-07:00,1,1
projects/projects.js,80,js,2b3deabc,kylezhao1026,2026-05-01,20:13:55,-07:00,2026-05-01T20:13:55-07:00,0,0
projects/projects.js,81,js,2b3deabc,kylezhao1026,2026-05-01,20:13:55,-07:00,2026-05-01T20:13:55-07:00,0,0
projects/projects.js,82,js,2b3deabc,kylezhao1026,2026-05-01,20:13:55,-07:00,2026-05-01T20:13:55-07:00,0,21
projects/projects.js,83,js,2b3deabc,kylezhao1026,2026-05-01,20:13:55,-07:00,2026-05-01T20:13:55-07:00,1,40
projects/projects.js,84,js,2b3deabc,kylezhao1026,2026-05-01,20:13:55,-07:00,2026-05-01T20:13:55-07:00,1,28
projects/projects.js,85,js,2b3deabc,kylezhao1026,2026-05-01,20:13:55,-07:00,2026-05-01T20:13:55-07:00,2,30
projects/projects.js,86,js,2b3deabc,kylezhao1026,2026-05-01,20:13:55,-07:00,2026-05-01T20:13:55-07:00,4,61
projects/projects.js,87,js,2b3deabc,kylezhao1026,2026-05-01,20:13:55,-07:00,2026-05-01T20:13:55-07:00,4,42
projects/projects.js,88,js,2b3deabc,kylezhao1026,2026-05-01,20:13:55,-07:00,2026-05-01T20:13:55-07:00,3,0
projects/projects.js,89,js,2b3deabc,kylezhao1026,2026-05-01,20:13:55,-07:00,2026-05-01T20:13:55-07:00,2,9
projects/projects.js,90,js,9da9534c,kylezhao1026,2026-04-24,19:15:32,-07:00,2026-04-24T19:15:32-07:00,0,0
projects/projects.js,91,js,9da9534c,kylezhao1026,2026-04-24,19:15:32,-07:00,2026-04-24T19:15:32-07:00,1,18
projects/projects.js,92,js,2b3deabc,kylezhao1026,2026-05-01,20:13:55,-07:00,2026-05-01T20:13:55-07:00,2,64
projects/projects.js,93,js,9da9534c,kylezhao1026,2026-04-24,19:15:32,-07:00,2026-04-24T19:15:32-07:00,1,0
projects/projects.js,94,js,9da9534c,kylezhao1026,2026-04-24,19:15:32,-07:00,2026-04-24T19:15:32-07:00,0,0
projects/projects.js,95,js,2b3deabc,kylezhao1026,2026-05-01,20:13:55,-07:00,2026-05-01T20:13:55-07:00,1,56
projects/projects.js,96,js,2b3deabc,kylezhao1026,2026-05-01,20:13:55,-07:00,2026-05-01T20:13:55-07:00,1,31
projects/projects.js,97,js,2b3deabc,kylezhao1026,2026-05-01,20:13:55,-07:00,2026-05-01T20:13:55-07:00,0,0
projects/projects.js,98,js,2b3deabc,kylezhao1026,2026-05-01,20:13:55,-07:00,2026-05-01T20:13:55-07:00,0,0
projects/projects.js,99,js,2b3deabc,kylezhao1026,2026-05-01,20:13:55,-07:00,2026-05-01T20:13:55-07:00,0,3
projects/projects.js,100,js,2b3deabc,kylezhao1026,2026-05-01,20:13:55,-07:00,2026-05-01T20:13:55-07:00,1,49
projects/projects.js,101,js,2b3deabc,kylezhao1026,2026-05-01,20:13:55,-07:00,2026-05-01T20:13:55-07:00,1,11
projects/projects.js,102,js,2b3deabc,kylezhao1026,2026-05-01,20:13:55,-07:00,2026-05-01T20:13:55-07:00,0,0
projects/projects.js,103,js,2b3deabc,kylezhao1026,2026-05-01,20:13:55,-07:00,2026-05-01T20:13:55-07:00,1,49
projects/projects.js,104,js,2b3deabc,kylezhao1026,2026-05-01,20:13:55,-07:00,2026-05-01T20:13:55-07:00,2,25
projects/projects.js,105,js,2b3deabc,kylezhao1026,2026-05-01,20:13:55,-07:00,2026-05-01T20:13:55-07:00,2,11
projects/projects.js,106,js,2b3deabc,kylezhao1026,2026-05-01,20:13:55,-07:00,2026-05-01T20:13:55-07:00,1,1
projects/projects.js,107,js,9da9534c,kylezhao1026,2026-04-24,19:15:32,-07:00,2026-04-24T19:15:32-07:00,0,15
projects/projects.js,108,js,9da9534c,kylezhao1026,2026-04-24,19:15:32,-07:00,2026-04-24T19:15:32-07:00,1,51
projects/projects.js,109,js,9da9534c,kylezhao1026,2026-04-24,19:15:32,-07:00,2026-04-24T19:15:32-07:00,0,0
projects/projects.js,110,js,9da9534c,kylezhao1026,2026-04-24,19:15:32,-07:00,2026-04-24T19:15:32-07:00,1,18
projects/projects.js,111,js,9da9534c,kylezhao1026,2026-04-24,19:15:32,-07:00,2026-04-24T19:15:32-07:00,2,37
projects/projects.js,112,js,9da9534c,kylezhao1026,2026-04-24,19:15:32,-07:00,2026-04-24T19:15:32-07:00,1,0
projects/projects.js,113,js,9da9534c,kylezhao1026,2026-04-24,19:15:32,-07:00,2026-04-24T19:15:32-07:00,0,0
projects/projects.js,114,js,9da9534c,kylezhao1026,2026-04-24,19:15:32,-07:00,2026-04-24T19:15:32-07:00,1,22
projects/projects.js,115,js,9da9534c,kylezhao1026,2026-04-24,19:15:32,-07:00,2026-04-24T19:15:32-07:00,2,72
projects/projects.js,116,js,9da9534c,kylezhao1026,2026-04-24,19:15:32,-07:00,2026-04-24T19:15:32-07:00,1,0
projects/projects.js,117,js,9da9534c,kylezhao1026,2026-04-24,19:15:32,-07:00,2026-04-24T19:15:32-07:00,0,0
projects/index.html,1,html,88dbaeea,kylezhao1026,2026-04-03,16:34:02,-07:00,2026-04-03T16:34:02-07:00,0,13
projects/index.html,2,html,88dbaeea,kylezhao1026,2026-04-03,16:34:02,-07:00,2026-04-03T16:34:02-07:00,0,14
projects/index.html,3,html,88dbaeea,kylezhao1026,2026-04-03,16:34:02,-07:00,2026-04-03T16:34:02-07:00,0,4
projects/index.html,4,html,88dbaeea,kylezhao1026,2026-04-03,16:34:02,-07:00,2026-04-03T16:34:02-07:00,2,20
projects/index.html,5,html,88dbaeea,kylezhao1026,2026-04-03,16:34:02,-07:00,2026-04-03T16:34:02-07:00,2,68
projects/index.html,6,html,88dbaeea,kylezhao1026,2026-04-03,16:34:02,-07:00,2026-04-03T16:34:02-07:00,2,21
projects/index.html,7,html,225df61b,kylezhao1026,2026-04-10,18:31:25,-07:00,2026-04-10T18:31:25-07:00,2,41
projects/index.html,8,html,d8789a01,kylezhao1026,2026-04-17,14:15:12,-07:00,2026-04-17T14:15:12-07:00,2,48
projects/index.html,9,html,9da9534c,kylezhao1026,2026-04-24,19:15:32,-07:00,2026-04-24T19:15:32-07:00,2,49
projects/index.html,10,html,88dbaeea,kylezhao1026,2026-04-03,16:34:02,-07:00,2026-04-03T16:34:02-07:00,0,5
projects/index.html,11,html,88dbaeea,kylezhao1026,2026-04-03,16:34:02,-07:00,2026-04-03T16:34:02-07:00,0,4
projects/index.html,12,html,9da9534c,kylezhao1026,2026-04-24,19:15:32,-07:00,2026-04-24T19:15:32-07:00,2,38
projects/index.html,13,html,2b3deabc,kylezhao1026,2026-05-01,20:13:55,-07:00,2026-05-01T20:13:55-07:00,2,29
projects/index.html,14,html,2b3deabc,kylezhao1026,2026-05-01,20:13:55,-07:00,2026-05-01T20:13:55-07:00,4,27
projects/index.html,15,html,2b3deabc,kylezhao1026,2026-05-01,20:13:55,-07:00,2026-05-01T20:13:55-07:00,6,98
projects/index.html,16,html,2b3deabc,kylezhao1026,2026-05-01,20:13:55,-07:00,2026-05-01T20:13:55-07:00,6,59
projects/index.html,17,html,2b3deabc,kylezhao1026,2026-05-01,20:13:55,-07:00,2026-05-01T20:13:55-07:00,4,4
projects/index.html,18,html,2b3deabc,kylezhao1026,2026-05-01,20:13:55,-07:00,2026-05-01T20:13:55-07:00,4,4
projects/index.html,19,html,2b3deabc,kylezhao1026,2026-05-01,20:13:55,-07:00,2026-05-01T20:13:55-07:00,6,15
projects/index.html,20,html,2b3deabc,kylezhao1026,2026-05-01,20:13:55,-07:00,2026-05-01T20:13:55-07:00,6,11
projects/index.html,21,html,2b3deabc,kylezhao1026,2026-05-01,20:13:55,-07:00,2026-05-01T20:13:55-07:00,6,26
projects/index.html,22,html,2b3deabc,kylezhao1026,2026-05-01,20:13:55,-07:00,2026-05-01T20:13:55-07:00,6,30
projects/index.html,23,html,2b3deabc,kylezhao1026,2026-05-01,20:13:55,-07:00,2026-05-01T20:13:55-07:00,4,0
projects/index.html,24,html,2b3deabc,kylezhao1026,2026-05-01,20:13:55,-07:00,2026-05-01T20:13:55-07:00,2,4
projects/index.html,25,html,9da9534c,kylezhao1026,2026-04-24,19:15:32,-07:00,2026-04-24T19:15:32-07:00,2,26
projects/index.html,26,html,88dbaeea,kylezhao1026,2026-04-03,16:34:02,-07:00,2026-04-03T16:34:02-07:00,0,5
projects/index.html,27,html,225df61b,kylezhao1026,2026-04-10,18:31:25,-07:00,2026-04-10T18:31:25-07:00,0,5
resume/index.html,1,html,88dbaeea,kylezhao1026,2026-04-03,16:34:02,-07:00,2026-04-03T16:34:02-07:00,0,13
resume/index.html,2,html,88dbaeea,kylezhao1026,2026-04-03,16:34:02,-07:00,2026-04-03T16:34:02-07:00,0,14
resume/index.html,3,html,88dbaeea,kylezhao1026,2026-04-03,16:34:02,-07:00,2026-04-03T16:34:02-07:00,0,4
resume/index.html,4,html,88dbaeea,kylezhao1026,2026-04-03,16:34:02,-07:00,2026-04-03T16:34:02-07:00,2,20
resume/index.html,5,html,88dbaeea,kylezhao1026,2026-04-03,16:34:02,-07:00,2026-04-03T16:34:02-07:00,2,68
resume/index.html,6,html,88dbaeea,kylezhao1026,2026-04-03,16:34:02,-07:00,2026-04-03T16:34:02-07:00,2,29
resume/index.html,7,html,225df61b,kylezhao1026,2026-04-10,18:31:25,-07:00,2026-04-10T18:31:25-07:00,2,41
resume/index.html,8,html,d8789a01,kylezhao1026,2026-04-17,14:15:12,-07:00,2026-04-17T14:15:12-07:00,2,48
resume/index.html,9,html,88dbaeea,kylezhao1026,2026-04-03,16:34:02,-07:00,2026-04-03T16:34:02-07:00,0,5
resume/index.html,10,html,0ecd177d,kylezhao1026,2026-04-10,18:44:32,-07:00,2026-04-10T18:44:32-07:00,0,24
resume/index.html,11,html,88dbaeea,kylezhao1026,2026-04-03,16:34:02,-07:00,2026-04-03T16:34:02-07:00,2,4
resume/index.html,12,html,88dbaeea,kylezhao1026,2026-04-03,16:34:02,-07:00,2026-04-03T16:34:02-07:00,4,6
resume/index.html,13,html,88dbaeea,kylezhao1026,2026-04-03,16:34:02,-07:00,2026-04-03T16:34:02-07:00,6,16
resume/index.html,14,html,88dbaeea,kylezhao1026,2026-04-03,16:34:02,-07:00,2026-04-03T16:34:02-07:00,6,178
resume/index.html,15,html,88dbaeea,kylezhao1026,2026-04-03,16:34:02,-07:00,2026-04-03T16:34:02-07:00,4,7
resume/index.html,16,html,88dbaeea,kylezhao1026,2026-04-03,16:34:02,-07:00,2026-04-03T16:34:02-07:00,0,0
resume/index.html,17,html,88dbaeea,kylezhao1026,2026-04-03,16:34:02,-07:00,2026-04-03T16:34:02-07:00,4,7
resume/index.html,18,html,88dbaeea,kylezhao1026,2026-04-03,16:34:02,-07:00,2026-04-03T16:34:02-07:00,6,6
resume/index.html,19,html,88dbaeea,kylezhao1026,2026-04-03,16:34:02,-07:00,2026-04-03T16:34:02-07:00,8,14
resume/index.html,20,html,88dbaeea,kylezhao1026,2026-04-03,16:34:02,-07:00,2026-04-03T16:34:02-07:00,6,7
resume/index.html,21,html,88dbaeea,kylezhao1026,2026-04-03,16:34:02,-07:00,2026-04-03T16:34:02-07:00,6,289
resume/index.html,22,html,88dbaeea,kylezhao1026,2026-04-03,16:34:02,-07:00,2026-04-03T16:34:02-07:00,4,8
resume/index.html,23,html,88dbaeea,kylezhao1026,2026-04-03,16:34:02,-07:00,2026-04-03T16:34:02-07:00,0,0
resume/index.html,24,html,88dbaeea,kylezhao1026,2026-04-03,16:34:02,-07:00,2026-04-03T16:34:02-07:00,4,7
resume/index.html,25,html,88dbaeea,kylezhao1026,2026-04-03,16:34:02,-07:00,2026-04-03T16:34:02-07:00,6,6
resume/index.html,26,html,88dbaeea,kylezhao1026,2026-04-03,16:34:02,-07:00,2026-04-03T16:34:02-07:00,8,16
resume/index.html,27,html,88dbaeea,kylezhao1026,2026-04-03,16:34:02,-07:00,2026-04-03T16:34:02-07:00,6,7
resume/index.html,28,html,88dbaeea,kylezhao1026,2026-04-03,16:34:02,-07:00,2026-04-03T16:34:02-07:00,6,7
resume/index.html,29,html,88dbaeea,kylezhao1026,2026-04-03,16:34:02,-07:00,2026-04-03T16:34:02-07:00,8,6
resume/index.html,30,html,88dbaeea,kylezhao1026,2026-04-03,16:34:02,-07:00,2026-04-03T16:34:02-07:00,10,42
resume/index.html,31,html,88dbaeea,kylezhao1026,2026-04-03,16:34:02,-07:00,2026-04-03T16:34:02-07:00,10,98
resume/index.html,32,html,88dbaeea,kylezhao1026,2026-04-03,16:34:02,-07:00,2026-04-03T16:34:02-07:00,8,7
resume/index.html,33,html,88dbaeea,kylezhao1026,2026-04-03,16:34:02,-07:00,2026-04-03T16:34:02-07:00,8,49
resume/index.html,34,html,88dbaeea,kylezhao1026,2026-04-03,16:34:02,-07:00,2026-04-03T16:34:02-07:00,8,18
resume/index.html,35,html,88dbaeea,kylezhao1026,2026-04-03,16:34:02,-07:00,2026-04-03T16:34:02-07:00,8,238
resume/index.html,36,html,88dbaeea,kylezhao1026,2026-04-03,16:34:02,-07:00,2026-04-03T16:34:02-07:00,6,8
resume/index.html,37,html,88dbaeea,kylezhao1026,2026-04-03,16:34:02,-07:00,2026-04-03T16:34:02-07:00,4,8
resume/index.html,38,html,88dbaeea,kylezhao1026,2026-04-03,16:34:02,-07:00,2026-04-03T16:34:02-07:00,0,0
resume/index.html,39,html,88dbaeea,kylezhao1026,2026-04-03,16:34:02,-07:00,2026-04-03T16:34:02-07:00,4,7
resume/index.html,40,html,88dbaeea,kylezhao1026,2026-04-03,16:34:02,-07:00,2026-04-03T16:34:02-07:00,6,6
resume/index.html,41,html,88dbaeea,kylezhao1026,2026-04-03,16:34:02,-07:00,2026-04-03T16:34:02-07:00,8,23
resume/index.html,42,html,88dbaeea,kylezhao1026,2026-04-03,16:34:02,-07:00,2026-04-03T16:34:02-07:00,6,7
resume/index.html,43,html,88dbaeea,kylezhao1026,2026-04-03,16:34:02,-07:00,2026-04-03T16:34:02-07:00,6,7
resume/index.html,44,html,88dbaeea,kylezhao1026,2026-04-03,16:34:02,-07:00,2026-04-03T16:34:02-07:00,8,25
resume/index.html,45,html,88dbaeea,kylezhao1026,2026-04-03,16:34:02,-07:00,2026-04-03T16:34:02-07:00,8,98
resume/index.html,46,html,88dbaeea,kylezhao1026,2026-04-03,16:34:02,-07:00,2026-04-03T16:34:02-07:00,6,8
resume/index.html,47,html,88dbaeea,kylezhao1026,2026-04-03,16:34:02,-07:00,2026-04-03T16:34:02-07:00,6,7
resume/index.html,48,html,88dbaeea,kylezhao1026,2026-04-03,16:34:02,-07:00,2026-04-03T16:34:02-07:00,8,38
resume/index.html,49,html,88dbaeea,kylezhao1026,2026-04-03,16:34:02,-07:00,2026-04-03T16:34:02-07:00,8,230
resume/index.html,50,html,88dbaeea,kylezhao1026,2026-04-03,16:34:02,-07:00,2026-04-03T16:34:02-07:00,6,8
resume/index.html,51,html,88dbaeea,kylezhao1026,2026-04-03,16:34:02,-07:00,2026-04-03T16:34:02-07:00,6,7
resume/index.html,52,html,88dbaeea,kylezhao1026,2026-04-03,16:34:02,-07:00,2026-04-03T16:34:02-07:00,8,32
resume/index.html,53,html,88dbaeea,kylezhao1026,2026-04-03,16:34:02,-07:00,2026-04-03T16:34:02-07:00,8,147
resume/index.html,54,html,88dbaeea,kylezhao1026,2026-04-03,16:34:02,-07:00,2026-04-03T16:34:02-07:00,6,8
resume/index.html,55,html,88dbaeea,kylezhao1026,2026-04-03,16:34:02,-07:00,2026-04-03T16:34:02-07:00,6,7
resume/index.html,56,html,88dbaeea,kylezhao1026,2026-04-03,16:34:02,-07:00,2026-04-03T16:34:02-07:00,8,36
resume/index.html,57,html,88dbaeea,kylezhao1026,2026-04-03,16:34:02,-07:00,2026-04-03T16:34:02-07:00,8,129
resume/index.html,58,html,88dbaeea,kylezhao1026,2026-04-03,16:34:02,-07:00,2026-04-03T16:34:02-07:00,6,8
resume/index.html,59,html,88dbaeea,kylezhao1026,2026-04-03,16:34:02,-07:00,2026-04-03T16:34:02-07:00,4,8
resume/index.html,60,html,88dbaeea,kylezhao1026,2026-04-03,16:34:02,-07:00,2026-04-03T16:34:02-07:00,0,0
resume/index.html,61,html,88dbaeea,kylezhao1026,2026-04-03,16:34:02,-07:00,2026-04-03T16:34:02-07:00,4,7
resume/index.html,62,html,88dbaeea,kylezhao1026,2026-04-03,16:34:02,-07:00,2026-04-03T16:34:02-07:00,6,6
resume/index.html,63,html,88dbaeea,kylezhao1026,2026-04-03,16:34:02,-07:00,2026-04-03T16:34:02-07:00,8,17
resume/index.html,64,html,88dbaeea,kylezhao1026,2026-04-03,16:34:02,-07:00,2026-04-03T16:34:02-07:00,6,7
resume/index.html,65,html,88dbaeea,kylezhao1026,2026-04-03,16:34:02,-07:00,2026-04-03T16:34:02-07:00,6,7
resume/index.html,66,html,88dbaeea,kylezhao1026,2026-04-03,16:34:02,-07:00,2026-04-03T16:34:02-07:00,8,6
resume/index.html,67,html,88dbaeea,kylezhao1026,2026-04-03,16:34:02,-07:00,2026-04-03T16:34:02-07:00,10,26
resume/index.html,68,html,88dbaeea,kylezhao1026,2026-04-03,16:34:02,-07:00,2026-04-03T16:34:02-07:00,10,84
resume/index.html,69,html,88dbaeea,kylezhao1026,2026-04-03,16:34:02,-07:00,2026-04-03T16:34:02-07:00,8,7
resume/index.html,70,html,88dbaeea,kylezhao1026,2026-04-03,16:34:02,-07:00,2026-04-03T16:34:02-07:00,8,2
resume/index.html,71,html,88dbaeea,kylezhao1026,2026-04-03,16:34:02,-07:00,2026-04-03T16:34:02-07:00,10,101
resume/index.html,72,html,88dbaeea,kylezhao1026,2026-04-03,16:34:02,-07:00,2026-04-03T16:34:02-07:00,10,101
resume/index.html,73,html,88dbaeea,kylezhao1026,2026-04-03,16:34:02,-07:00,2026-04-03T16:34:02-07:00,10,103
resume/index.html,74,html,88dbaeea,kylezhao1026,2026-04-03,16:34:02,-07:00,2026-04-03T16:34:02-07:00,10,127
resume/index.html,75,html,88dbaeea,kylezhao1026,2026-04-03,16:34:02,-07:00,2026-04-03T16:34:02-07:00,8,3
resume/index.html,76,html,88dbaeea,kylezhao1026,2026-04-03,16:34:02,-07:00,2026-04-03T16:34:02-07:00,6,8
resume/index.html,77,html,88dbaeea,kylezhao1026,2026-04-03,16:34:02,-07:00,2026-04-03T16:34:02-07:00,6,7
resume/index.html,78,html,88dbaeea,kylezhao1026,2026-04-03,16:34:02,-07:00,2026-04-03T16:34:02-07:00,8,6
resume/index.html,79,html,88dbaeea,kylezhao1026,2026-04-03,16:34:02,-07:00,2026-04-03T16:34:02-07:00,10,35
resume/index.html,80,html,88dbaeea,kylezhao1026,2026-04-03,16:34:02,-07:00,2026-04-03T16:34:02-07:00,10,129
resume/index.html,81,html,88dbaeea,kylezhao1026,2026-04-03,16:34:02,-07:00,2026-04-03T16:34:02-07:00,8,7
resume/index.html,82,html,88dbaeea,kylezhao1026,2026-04-03,16:34:02,-07:00,2026-04-03T16:34:02-07:00,8,2
resume/index.html,83,html,88dbaeea,kylezhao1026,2026-04-03,16:34:02,-07:00,2026-04-03T16:34:02-07:00,10,137
resume/index.html,84,html,88dbaeea,kylezhao1026,2026-04-03,16:34:02,-07:00,2026-04-03T16:34:02-07:00,10,90
resume/index.html,85,html,88dbaeea,kylezhao1026,2026-04-03,16:34:02,-07:00,2026-04-03T16:34:02-07:00,10,86
resume/index.html,86,html,88dbaeea,kylezhao1026,2026-04-03,16:34:02,-07:00,2026-04-03T16:34:02-07:00,10,95
resume/index.html,87,html,88dbaeea,kylezhao1026,2026-04-03,16:34:02,-07:00,2026-04-03T16:34:02-07:00,8,3
resume/index.html,88,html,88dbaeea,kylezhao1026,2026-04-03,16:34:02,-07:00,2026-04-03T16:34:02-07:00,6,8
resume/index.html,89,html,88dbaeea,kylezhao1026,2026-04-03,16:34:02,-07:00,2026-04-03T16:34:02-07:00,4,8
resume/index.html,90,html,88dbaeea,kylezhao1026,2026-04-03,16:34:02,-07:00,2026-04-03T16:34:02-07:00,0,0
resume/index.html,91,html,88dbaeea,kylezhao1026,2026-04-03,16:34:02,-07:00,2026-04-03T16:34:02-07:00,4,7
resume/index.html,92,html,88dbaeea,kylezhao1026,2026-04-03,16:34:02,-07:00,2026-04-03T16:34:02-07:00,6,6
resume/index.html,93,html,88dbaeea,kylezhao1026,2026-04-03,16:34:02,-07:00,2026-04-03T16:34:02-07:00,8,30
resume/index.html,94,html,88dbaeea,kylezhao1026,2026-04-03,16:34:02,-07:00,2026-04-03T16:34:02-07:00,6,7
resume/index.html,95,html,88dbaeea,kylezhao1026,2026-04-03,16:34:02,-07:00,2026-04-03T16:34:02-07:00,6,7
resume/index.html,96,html,88dbaeea,kylezhao1026,2026-04-03,16:34:02,-07:00,2026-04-03T16:34:02-07:00,8,6
resume/index.html,97,html,88dbaeea,kylezhao1026,2026-04-03,16:34:02,-07:00,2026-04-03T16:34:02-07:00,10,21
resume/index.html,98,html,88dbaeea,kylezhao1026,2026-04-03,16:34:02,-07:00,2026-04-03T16:34:02-07:00,10,107
resume/index.html,99,html,88dbaeea,kylezhao1026,2026-04-03,16:34:02,-07:00,2026-04-03T16:34:02-07:00,8,7
resume/index.html,100,html,88dbaeea,kylezhao1026,2026-04-03,16:34:02,-07:00,2026-04-03T16:34:02-07:00,8,77
resume/index.html,101,html,88dbaeea,kylezhao1026,2026-04-03,16:34:02,-07:00,2026-04-03T16:34:02-07:00,6,8
resume/index.html,102,html,88dbaeea,kylezhao1026,2026-04-03,16:34:02,-07:00,2026-04-03T16:34:02-07:00,6,7
resume/index.html,103,html,88dbaeea,kylezhao1026,2026-04-03,16:34:02,-07:00,2026-04-03T16:34:02-07:00,8,6
resume/index.html,104,html,88dbaeea,kylezhao1026,2026-04-03,16:34:02,-07:00,2026-04-03T16:34:02-07:00,10,39
resume/index.html,105,html,88dbaeea,kylezhao1026,2026-04-03,16:34:02,-07:00,2026-04-03T16:34:02-07:00,10,102
resume/index.html,106,html,88dbaeea,kylezhao1026,2026-04-03,16:34:02,-07:00,2026-04-03T16:34:02-07:00,8,7
resume/index.html,107,html,88dbaeea,kylezhao1026,2026-04-03,16:34:02,-07:00,2026-04-03T16:34:02-07:00,8,78
resume/index.html,108,html,88dbaeea,kylezhao1026,2026-04-03,16:34:02,-07:00,2026-04-03T16:34:02-07:00,6,8
resume/index.html,109,html,88dbaeea,kylezhao1026,2026-04-03,16:34:02,-07:00,2026-04-03T16:34:02-07:00,4,8
resume/index.html,110,html,88dbaeea,kylezhao1026,2026-04-03,16:34:02,-07:00,2026-04-03T16:34:02-07:00,2,5
resume/index.html,111,html,88dbaeea,kylezhao1026,2026-04-03,16:34:02,-07:00,2026-04-03T16:34:02-07:00,0,5
resume/index.html,112,html,88dbaeea,kylezhao1026,2026-04-03,16:34:02,-07:00,2026-04-03T16:34:02-07:00,0,5
meta/main.js,1,js,9b2a73f0,kylezhao1026,2026-05-08,19:26:26,-07:00,2026-05-08T19:26:26-07:00,0,63
meta/main.js,2,js,00000000,Not Committed Yet,2026-05-22,21:18:00,-07:00,2026-05-22T21:18:00-07:00,0,72
meta/main.js,3,js,9b2a73f0,kylezhao1026,2026-05-08,19:26:26,-07:00,2026-05-08T19:26:26-07:00,0,0
meta/main.js,4,js,9b2a73f0,kylezhao1026,2026-05-08,19:26:26,-07:00,2026-05-08T19:26:26-07:00,0,17
meta/main.js,5,js,9b2a73f0,kylezhao1026,2026-05-08,19:26:26,-07:00,2026-05-08T19:26:26-07:00,0,17
meta/main.js,6,js,9b2a73f0,kylezhao1026,2026-05-08,19:26:26,-07:00,2026-05-08T19:26:26-07:00,0,58
meta/main.js,7,js,9b2a73f0,kylezhao1026,2026-05-08,19:26:26,-07:00,2026-05-08T19:26:26-07:00,0,63
meta/main.js,8,js,00000000,Not Committed Yet,2026-05-22,21:18:00,-07:00,2026-05-22T21:18:00-07:00,0,49
meta/main.js,9,js,9b2a73f0,kylezhao1026,2026-05-08,19:26:26,-07:00,2026-05-08T19:26:26-07:00,0,0
meta/main.js,10,js,9b2a73f0,kylezhao1026,2026-05-08,19:26:26,-07:00,2026-05-08T19:26:26-07:00,0,41
meta/main.js,11,js,9b2a73f0,kylezhao1026,2026-05-08,19:26:26,-07:00,2026-05-08T19:26:26-07:00,0,32
meta/main.js,12,js,9b2a73f0,kylezhao1026,2026-05-08,19:26:26,-07:00,2026-05-08T19:26:26-07:00,0,51
meta/main.js,13,js,9b2a73f0,kylezhao1026,2026-05-08,19:26:26,-07:00,2026-05-08T19:26:26-07:00,0,57
meta/main.js,14,js,9b2a73f0,kylezhao1026,2026-05-08,19:26:26,-07:00,2026-05-08T19:26:26-07:00,0,43
meta/main.js,15,js,9b2a73f0,kylezhao1026,2026-05-08,19:26:26,-07:00,2026-05-08T19:26:26-07:00,0,44
meta/main.js,16,js,9b2a73f0,kylezhao1026,2026-05-08,19:26:26,-07:00,2026-05-08T19:26:26-07:00,0,48
meta/main.js,17,js,9b2a73f0,kylezhao1026,2026-05-08,19:26:26,-07:00,2026-05-08T19:26:26-07:00,0,44
meta/main.js,18,js,00000000,Not Committed Yet,2026-05-22,21:18:00,-07:00,2026-05-22T21:18:00-07:00,0,52
meta/main.js,19,js,9b2a73f0,kylezhao1026,2026-05-08,19:26:26,-07:00,2026-05-08T19:26:26-07:00,0,46
meta/main.js,20,js,00000000,Not Committed Yet,2026-05-22,21:18:00,-07:00,2026-05-22T21:18:00-07:00,0,56
meta/main.js,21,js,00000000,Not Committed Yet,2026-05-22,21:18:00,-07:00,2026-05-22T21:18:00-07:00,0,43
meta/main.js,22,js,00000000,Not Committed Yet,2026-05-22,21:18:00,-07:00,2026-05-22T21:18:00-07:00,0,47
meta/main.js,23,js,00000000,Not Committed Yet,2026-05-22,21:18:00,-07:00,2026-05-22T21:18:00-07:00,0,36
meta/main.js,24,js,9b2a73f0,kylezhao1026,2026-05-08,19:26:26,-07:00,2026-05-08T19:26:26-07:00,0,0
meta/main.js,25,js,9b2a73f0,kylezhao1026,2026-05-08,19:26:26,-07:00,2026-05-08T19:26:26-07:00,0,12
meta/main.js,26,js,9b2a73f0,kylezhao1026,2026-05-08,19:26:26,-07:00,2026-05-08T19:26:26-07:00,0,15
meta/main.js,27,js,00000000,Not Committed Yet,2026-05-22,21:18:00,-07:00,2026-05-22T21:18:00-07:00,0,23
meta/main.js,28,js,9b2a73f0,kylezhao1026,2026-05-08,19:26:26,-07:00,2026-05-08T19:26:26-07:00,0,23
meta/main.js,29,js,00000000,Not Committed Yet,2026-05-22,21:18:00,-07:00,2026-05-22T21:18:00-07:00,0,23
meta/main.js,30,js,00000000,Not Committed Yet,2026-05-22,21:18:00,-07:00,2026-05-22T21:18:00-07:00,0,16
meta/main.js,31,js,00000000,Not Committed Yet,2026-05-22,21:18:00,-07:00,2026-05-22T21:18:00-07:00,0,12
meta/main.js,32,js,00000000,Not Committed Yet,2026-05-22,21:18:00,-07:00,2026-05-22T21:18:00-07:00,0,6
meta/main.js,33,js,00000000,Not Committed Yet,2026-05-22,21:18:00,-07:00,2026-05-22T21:18:00-07:00,0,12
meta/main.js,34,js,00000000,Not Committed Yet,2026-05-22,21:18:00,-07:00,2026-05-22T21:18:00-07:00,0,13
meta/main.js,35,js,00000000,Not Committed Yet,2026-05-22,21:18:00,-07:00,2026-05-22T21:18:00-07:00,0,9
meta/main.js,36,js,00000000,Not Committed Yet,2026-05-22,21:18:00,-07:00,2026-05-22T21:18:00-07:00,0,9
meta/main.js,37,js,00000000,Not Committed Yet,2026-05-22,21:18:00,-07:00,2026-05-22T21:18:00-07:00,0,14
meta/main.js,38,js,00000000,Not Committed Yet,2026-05-22,21:18:00,-07:00,2026-05-22T21:18:00-07:00,0,13
meta/main.js,39,js,9b2a73f0,kylezhao1026,2026-05-08,19:26:26,-07:00,2026-05-08T19:26:26-07:00,0,0
meta/main.js,40,js,9b2a73f0,kylezhao1026,2026-05-08,19:26:26,-07:00,2026-05-08T19:26:26-07:00,0,37
meta/main.js,41,js,9b2a73f0,kylezhao1026,2026-05-08,19:26:26,-07:00,2026-05-08T19:26:26-07:00,1,9
meta/main.js,42,js,9b2a73f0,kylezhao1026,2026-05-08,19:26:26,-07:00,2026-05-08T19:26:26-07:00,2,23
meta/main.js,43,js,9b2a73f0,kylezhao1026,2026-05-08,19:26:26,-07:00,2026-05-08T19:26:26-07:00,2,27
meta/main.js,44,js,9b2a73f0,kylezhao1026,2026-05-08,19:26:26,-07:00,2026-05-08T19:26:26-07:00,1,32
meta/main.js,45,js,9b2a73f0,kylezhao1026,2026-05-08,19:26:26,-07:00,2026-05-08T19:26:26-07:00,1,82
meta/main.js,46,js,9b2a73f0,kylezhao1026,2026-05-08,19:26:26,-07:00,2026-05-08T19:26:26-07:00,1,81
meta/main.js,47,js,9b2a73f0,kylezhao1026,2026-05-08,19:26:26,-07:00,2026-05-08T19:26:26-07:00,1,56
meta/main.js,48,js,9b2a73f0,kylezhao1026,2026-05-08,19:26:26,-07:00,2026-05-08T19:26:26-07:00,0,0
meta/main.js,49,js,9b2a73f0,kylezhao1026,2026-05-08,19:26:26,-07:00,2026-05-08T19:26:26-07:00,0,0
meta/main.js,50,js,9b2a73f0,kylezhao1026,2026-05-08,19:26:26,-07:00,2026-05-08T19:26:26-07:00,0,43
meta/main.js,51,js,9b2a73f0,kylezhao1026,2026-05-08,19:26:26,-07:00,2026-05-08T19:26:26-07:00,1,37
meta/main.js,52,js,9b2a73f0,kylezhao1026,2026-05-08,19:26:26,-07:00,2026-05-08T19:26:26-07:00,0,0
meta/main.js,53,js,9b2a73f0,kylezhao1026,2026-05-08,19:26:26,-07:00,2026-05-08T19:26:26-07:00,0,0
meta/main.js,54,js,9b2a73f0,kylezhao1026,2026-05-08,19:26:26,-07:00,2026-05-08T19:26:26-07:00,0,37
meta/main.js,55,js,9b2a73f0,kylezhao1026,2026-05-08,19:26:26,-07:00,2026-05-08T19:26:26-07:00,1,5
meta/main.js,56,js,9b2a73f0,kylezhao1026,2026-05-08,19:26:26,-07:00,2026-05-08T19:26:26-07:00,2,39
meta/main.js,57,js,9b2a73f0,kylezhao1026,2026-05-08,19:26:26,-07:00,2026-05-08T19:26:26-07:00,2,39
meta/main.js,58,js,9b2a73f0,kylezhao1026,2026-05-08,19:26:26,-07:00,2026-05-08T19:26:26-07:00,0,0
meta/main.js,59,js,9b2a73f0,kylezhao1026,2026-05-08,19:26:26,-07:00,2026-05-08T19:26:26-07:00,0,0
meta/main.js,60,js,9b2a73f0,kylezhao1026,2026-05-08,19:26:26,-07:00,2026-05-08T19:26:26-07:00,0,26
meta/main.js,61,js,9b2a73f0,kylezhao1026,2026-05-08,19:26:26,-07:00,2026-05-08T19:26:26-07:00,1,30
meta/main.js,62,js,9b2a73f0,kylezhao1026,2026-05-08,19:26:26,-07:00,2026-05-08T19:26:26-07:00,1,29
meta/main.js,63,js,9b2a73f0,kylezhao1026,2026-05-08,19:26:26,-07:00,2026-05-08T19:26:26-07:00,0,0
meta/main.js,64,js,9b2a73f0,kylezhao1026,2026-05-08,19:26:26,-07:00,2026-05-08T19:26:26-07:00,0,0
meta/main.js,65,js,00000000,Not Committed Yet,2026-05-22,21:18:00,-07:00,2026-05-22T21:18:00-07:00,0,99
meta/main.js,66,js,9b2a73f0,kylezhao1026,2026-05-08,19:26:26,-07:00,2026-05-08T19:26:26-07:00,1,57
meta/main.js,67,js,00000000,Not Committed Yet,2026-05-22,21:18:00,-07:00,2026-05-22T21:18:00-07:00,1,51
meta/main.js,68,js,9b2a73f0,kylezhao1026,2026-05-08,19:26:26,-07:00,2026-05-08T19:26:26-07:00,2,44
meta/main.js,69,js,9b2a73f0,kylezhao1026,2026-05-08,19:26:26,-07:00,2026-05-08T19:26:26-07:00,2,44
meta/main.js,70,js,9b2a73f0,kylezhao1026,2026-05-08,19:26:26,-07:00,2026-05-08T19:26:26-07:00,0,0
meta/main.js,71,js,9b2a73f0,kylezhao1026,2026-05-08,19:26:26,-07:00,2026-05-08T19:26:26-07:00,2,24
meta/main.js,72,js,9b2a73f0,kylezhao1026,2026-05-08,19:26:26,-07:00,2026-05-08T19:26:26-07:00,1,1
meta/main.js,73,js,9b2a73f0,kylezhao1026,2026-05-08,19:26:26,-07:00,2026-05-08T19:26:26-07:00,0,0
meta/main.js,74,js,9b2a73f0,kylezhao1026,2026-05-08,19:26:26,-07:00,2026-05-08T19:26:26-07:00,1,13
meta/main.js,75,js,9b2a73f0,kylezhao1026,2026-05-08,19:26:26,-07:00,2026-05-08T19:26:26-07:00,2,10
meta/main.js,76,js,9b2a73f0,kylezhao1026,2026-05-08,19:26:26,-07:00,2026-05-08T19:26:26-07:00,1,0
meta/main.js,77,js,9b2a73f0,kylezhao1026,2026-05-08,19:26:26,-07:00,2026-05-08T19:26:26-07:00,0,0
meta/main.js,78,js,9b2a73f0,kylezhao1026,2026-05-08,19:26:26,-07:00,2026-05-08T19:26:26-07:00,1,26
meta/main.js,79,js,9b2a73f0,kylezhao1026,2026-05-08,19:26:26,-07:00,2026-05-08T19:26:26-07:00,2,34
meta/main.js,80,js,9b2a73f0,kylezhao1026,2026-05-08,19:26:26,-07:00,2026-05-08T19:26:26-07:00,2,34
meta/main.js,81,js,9b2a73f0,kylezhao1026,2026-05-08,19:26:26,-07:00,2026-05-08T19:26:26-07:00,1,0
meta/main.js,82,js,9b2a73f0,kylezhao1026,2026-05-08,19:26:26,-07:00,2026-05-08T19:26:26-07:00,1,67
meta/main.js,83,js,9b2a73f0,kylezhao1026,2026-05-08,19:26:26,-07:00,2026-05-08T19:26:26-07:00,0,0
meta/main.js,84,js,9b2a73f0,kylezhao1026,2026-05-08,19:26:26,-07:00,2026-05-08T19:26:26-07:00,1,44
meta/main.js,85,js,9b2a73f0,kylezhao1026,2026-05-08,19:26:26,-07:00,2026-05-08T19:26:26-07:00,0,0
meta/main.js,86,js,9b2a73f0,kylezhao1026,2026-05-08,19:26:26,-07:00,2026-05-08T19:26:26-07:00,0,0
meta/main.js,87,js,9b2a73f0,kylezhao1026,2026-05-08,19:26:26,-07:00,2026-05-08T19:26:26-07:00,0,29
meta/main.js,88,js,9b2a73f0,kylezhao1026,2026-05-08,19:26:26,-07:00,2026-05-08T19:26:26-07:00,1,7
meta/main.js,89,js,9b2a73f0,kylezhao1026,2026-05-08,19:26:26,-07:00,2026-05-08T19:26:26-07:00,2,28
meta/main.js,90,js,9b2a73f0,kylezhao1026,2026-05-08,19:26:26,-07:00,2026-05-08T19:26:26-07:00,2,21
meta/main.js,91,js,9b2a73f0,kylezhao1026,2026-05-08,19:26:26,-07:00,2026-05-08T19:26:26-07:00,3,21
meta/main.js,92,js,9b2a73f0,kylezhao1026,2026-05-08,19:26:26,-07:00,2026-05-08T19:26:26-07:00,3,40
meta/main.js,93,js,9b2a73f0,kylezhao1026,2026-05-08,19:26:26,-07:00,2026-05-08T19:26:26-07:00,3,14
meta/main.js,94,js,9b2a73f0,kylezhao1026,2026-05-08,19:26:26,-07:00,2026-05-08T19:26:26-07:00,4,1
meta/main.js,95,js,9b2a73f0,kylezhao1026,2026-05-08,19:26:26,-07:00,2026-05-08T19:26:26-07:00,4,32
meta/main.js,96,js,9b2a73f0,kylezhao1026,2026-05-08,19:26:26,-07:00,2026-05-08T19:26:26-07:00,4,19
meta/main.js,97,js,9b2a73f0,kylezhao1026,2026-05-08,19:26:26,-07:00,2026-05-08T19:26:26-07:00,4,7
meta/main.js,98,js,9b2a73f0,kylezhao1026,2026-05-08,19:26:26,-07:00,2026-05-08T19:26:26-07:00,4,15
meta/main.js,99,js,9b2a73f0,kylezhao1026,2026-05-08,19:26:26,-07:00,2026-05-08T19:26:26-07:00,4,15
meta/main.js,100,js,9b2a73f0,kylezhao1026,2026-05-08,19:26:26,-07:00,2026-05-08T19:26:26-07:00,4,23
meta/main.js,101,js,9b2a73f0,kylezhao1026,2026-05-08,19:26:26,-07:00,2026-05-08T19:26:26-07:00,4,57
meta/main.js,102,js,9b2a73f0,kylezhao1026,2026-05-08,19:26:26,-07:00,2026-05-08T19:26:26-07:00,4,23
meta/main.js,103,js,9b2a73f0,kylezhao1026,2026-05-08,19:26:26,-07:00,2026-05-08T19:26:26-07:00,3,0
meta/main.js,104,js,9b2a73f0,kylezhao1026,2026-05-08,19:26:26,-07:00,2026-05-08T19:26:26-07:00,0,0
meta/main.js,105,js,9b2a73f0,kylezhao1026,2026-05-08,19:26:26,-07:00,2026-05-08T19:26:26-07:00,3,38
meta/main.js,106,js,9b2a73f0,kylezhao1026,2026-05-08,19:26:26,-07:00,2026-05-08T19:26:26-07:00,4,11
meta/main.js,107,js,9b2a73f0,kylezhao1026,2026-05-08,19:26:26,-07:00,2026-05-08T19:26:26-07:00,4,17
meta/main.js,108,js,9b2a73f0,kylezhao1026,2026-05-08,19:26:26,-07:00,2026-05-08T19:26:26-07:00,4,13
meta/main.js,109,js,9b2a73f0,kylezhao1026,2026-05-08,19:26:26,-07:00,2026-05-08T19:26:26-07:00,4,16
meta/main.js,110,js,9b2a73f0,kylezhao1026,2026-05-08,19:26:26,-07:00,2026-05-08T19:26:26-07:00,3,1
meta/main.js,111,js,9b2a73f0,kylezhao1026,2026-05-08,19:26:26,-07:00,2026-05-08T19:26:26-07:00,0,0
meta/main.js,112,js,9b2a73f0,kylezhao1026,2026-05-08,19:26:26,-07:00,2026-05-08T19:26:26-07:00,3,12
meta/main.js,113,js,9b2a73f0,kylezhao1026,2026-05-08,19:26:26,-07:00,2026-05-08T19:26:26-07:00,2,0
meta/main.js,114,js,9b2a73f0,kylezhao1026,2026-05-08,19:26:26,-07:00,2026-05-08T19:26:26-07:00,2,52
meta/main.js,115,js,9b2a73f0,kylezhao1026,2026-05-08,19:26:26,-07:00,2026-05-08T19:26:26-07:00,0,0
meta/main.js,116,js,9b2a73f0,kylezhao1026,2026-05-08,19:26:26,-07:00,2026-05-08T19:26:26-07:00,0,0
meta/main.js,117,js,9b2a73f0,kylezhao1026,2026-05-08,19:26:26,-07:00,2026-05-08T19:26:26-07:00,0,22
meta/main.js,118,js,9b2a73f0,kylezhao1026,2026-05-08,19:26:26,-07:00,2026-05-08T19:26:26-07:00,1,50
meta/main.js,119,js,9b2a73f0,kylezhao1026,2026-05-08,19:26:26,-07:00,2026-05-08T19:26:26-07:00,1,54
meta/main.js,120,js,9b2a73f0,kylezhao1026,2026-05-08,19:26:26,-07:00,2026-05-08T19:26:26-07:00,1,29
meta/main.js,121,js,9b2a73f0,kylezhao1026,2026-05-08,19:26:26,-07:00,2026-05-08T19:26:26-07:00,1,34
meta/main.js,122,js,9b2a73f0,kylezhao1026,2026-05-08,19:26:26,-07:00,2026-05-08T19:26:26-07:00,1,62
meta/main.js,123,js,9b2a73f0,kylezhao1026,2026-05-08,19:26:26,-07:00,2026-05-08T19:26:26-07:00,0,0
meta/main.js,124,js,9b2a73f0,kylezhao1026,2026-05-08,19:26:26,-07:00,2026-05-08T19:26:26-07:00,1,13
meta/main.js,125,js,9b2a73f0,kylezhao1026,2026-05-08,19:26:26,-07:00,2026-05-08T19:26:26-07:00,2,20
meta/main.js,126,js,9b2a73f0,kylezhao1026,2026-05-08,19:26:26,-07:00,2026-05-08T19:26:26-07:00,2,15
meta/main.js,127,js,9b2a73f0,kylezhao1026,2026-05-08,19:26:26,-07:00,2026-05-08T19:26:26-07:00,2,23
meta/main.js,128,js,9b2a73f0,kylezhao1026,2026-05-08,19:26:26,-07:00,2026-05-08T19:26:26-07:00,2,24
meta/main.js,129,js,9b2a73f0,kylezhao1026,2026-05-08,19:26:26,-07:00,2026-05-08T19:26:26-07:00,2,32
meta/main.js,130,js,9b2a73f0,kylezhao1026,2026-05-08,19:26:26,-07:00,2026-05-08T19:26:26-07:00,1,0
meta/main.js,131,js,9b2a73f0,kylezhao1026,2026-05-08,19:26:26,-07:00,2026-05-08T19:26:26-07:00,0,0
meta/main.js,132,js,9b2a73f0,kylezhao1026,2026-05-08,19:26:26,-07:00,2026-05-08T19:26:26-07:00,1,12
meta/main.js,133,js,9b2a73f0,kylezhao1026,2026-05-08,19:26:26,-07:00,2026-05-08T19:26:26-07:00,2,15
meta/main.js,134,js,9b2a73f0,kylezhao1026,2026-05-08,19:26:26,-07:00,2026-05-08T19:26:26-07:00,2,10
meta/main.js,135,js,9b2a73f0,kylezhao1026,2026-05-08,19:26:26,-07:00,2026-05-08T19:26:26-07:00,2,10
meta/main.js,136,js,9b2a73f0,kylezhao1026,2026-05-08,19:26:26,-07:00,2026-05-08T19:26:26-07:00,2,83
meta/main.js,137,js,9b2a73f0,kylezhao1026,2026-05-08,19:26:26,-07:00,2026-05-08T19:26:26-07:00,0,0
meta/main.js,138,js,9b2a73f0,kylezhao1026,2026-05-08,19:26:26,-07:00,2026-05-08T19:26:26-07:00,0,0
meta/main.js,139,js,9b2a73f0,kylezhao1026,2026-05-08,19:26:26,-07:00,2026-05-08T19:26:26-07:00,0,57
meta/main.js,140,js,9b2a73f0,kylezhao1026,2026-05-08,19:26:26,-07:00,2026-05-08T19:26:26-07:00,1,68
meta/main.js,141,js,9b2a73f0,kylezhao1026,2026-05-08,19:26:26,-07:00,2026-05-08T19:26:26-07:00,1,33
meta/main.js,142,js,9b2a73f0,kylezhao1026,2026-05-08,19:26:26,-07:00,2026-05-08T19:26:26-07:00,2,12
meta/main.js,143,js,9b2a73f0,kylezhao1026,2026-05-08,19:26:26,-07:00,2026-05-08T19:26:26-07:00,2,14
meta/main.js,144,js,9b2a73f0,kylezhao1026,2026-05-08,19:26:26,-07:00,2026-05-08T19:26:26-07:00,2,12
meta/main.js,145,js,9b2a73f0,kylezhao1026,2026-05-08,19:26:26,-07:00,2026-05-08T19:26:26-07:00,1,42
meta/main.js,146,js,9b2a73f0,kylezhao1026,2026-05-08,19:26:26,-07:00,2026-05-08T19:26:26-07:00,0,0
meta/main.js,147,js,9b2a73f0,kylezhao1026,2026-05-08,19:26:26,-07:00,2026-05-08T19:26:26-07:00,1,15
meta/main.js,148,js,9b2a73f0,kylezhao1026,2026-05-08,19:26:26,-07:00,2026-05-08T19:26:26-07:00,2,15
meta/main.js,149,js,9b2a73f0,kylezhao1026,2026-05-08,19:26:26,-07:00,2026-05-08T19:26:26-07:00,2,46
meta/main.js,150,js,9b2a73f0,kylezhao1026,2026-05-08,19:26:26,-07:00,2026-05-08T19:26:26-07:00,2,10
meta/main.js,151,js,9b2a73f0,kylezhao1026,2026-05-08,19:26:26,-07:00,2026-05-08T19:26:26-07:00,2,89
meta/main.js,152,js,9b2a73f0,kylezhao1026,2026-05-08,19:26:26,-07:00,2026-05-08T19:26:26-07:00,0,0
meta/main.js,153,js,9b2a73f0,kylezhao1026,2026-05-08,19:26:26,-07:00,2026-05-08T19:26:26-07:00,0,0
meta/main.js,154,js,00000000,Not Committed Yet,2026-05-22,21:18:00,-07:00,2026-05-22T21:18:00-07:00,0,62
meta/main.js,155,js,9b2a73f0,kylezhao1026,2026-05-08,19:26:26,-07:00,2026-05-08T19:26:26-07:00,1,33
meta/main.js,156,js,9b2a73f0,kylezhao1026,2026-05-08,19:26:26,-07:00,2026-05-08T19:26:26-07:00,2,41
meta/main.js,157,js,00000000,Not Committed Yet,2026-05-22,21:18:00,-07:00,2026-05-22T21:18:00-07:00,2,37
meta/main.js,158,js,9b2a73f0,kylezhao1026,2026-05-08,19:26:26,-07:00,2026-05-08T19:26:26-07:00,2,5
meta/main.js,159,js,9b2a73f0,kylezhao1026,2026-05-08,19:26:26,-07:00,2026-05-08T19:26:26-07:00,1,0
meta/main.js,160,js,9b2a73f0,kylezhao1026,2026-05-08,19:26:26,-07:00,2026-05-08T19:26:26-07:00,0,0
meta/main.js,161,js,9b2a73f0,kylezhao1026,2026-05-08,19:26:26,-07:00,2026-05-08T19:26:26-07:00,1,57
meta/main.js,162,js,9b2a73f0,kylezhao1026,2026-05-08,19:26:26,-07:00,2026-05-08T19:26:26-07:00,1,18
meta/main.js,163,js,9b2a73f0,kylezhao1026,2026-05-08,19:26:26,-07:00,2026-05-08T19:26:26-07:00,2,101
meta/main.js,164,js,9b2a73f0,kylezhao1026,2026-05-08,19:26:26,-07:00,2026-05-08T19:26:26-07:00,1,0
meta/main.js,165,js,9b2a73f0,kylezhao1026,2026-05-08,19:26:26,-07:00,2026-05-08T19:26:26-07:00,1,39
meta/main.js,166,js,9b2a73f0,kylezhao1026,2026-05-08,19:26:26,-07:00,2026-05-08T19:26:26-07:00,0,0
meta/main.js,167,js,9b2a73f0,kylezhao1026,2026-05-08,19:26:26,-07:00,2026-05-08T19:26:26-07:00,0,0
meta/main.js,168,js,00000000,Not Committed Yet,2026-05-22,21:18:00,-07:00,2026-05-22T21:18:00-07:00,0,39
meta/main.js,169,js,00000000,Not Committed Yet,2026-05-22,21:18:00,-07:00,2026-05-22T21:18:00-07:00,1,71
meta/main.js,170,js,00000000,Not Committed Yet,2026-05-22,21:18:00,-07:00,2026-05-22T21:18:00-07:00,1,65
meta/main.js,171,js,00000000,Not Committed Yet,2026-05-22,21:18:00,-07:00,2026-05-22T21:18:00-07:00,1,37
meta/main.js,172,js,9b2a73f0,kylezhao1026,2026-05-08,19:26:26,-07:00,2026-05-08T19:26:26-07:00,0,0
meta/main.js,173,js,00000000,Not Committed Yet,2026-05-22,21:18:00,-07:00,2026-05-22T21:18:00-07:00,1,9
meta/main.js,174,js,9b2a73f0,kylezhao1026,2026-05-08,19:26:26,-07:00,2026-05-08T19:26:26-07:00,2,10
meta/main.js,175,js,00000000,Not Committed Yet,2026-05-22,21:18:00,-07:00,2026-05-22T21:18:00-07:00,2,50
meta/main.js,176,js,9b2a73f0,kylezhao1026,2026-05-08,19:26:26,-07:00,2026-05-08T19:26:26-07:00,2,41
meta/main.js,177,js,9b2a73f0,kylezhao1026,2026-05-08,19:26:26,-07:00,2026-05-08T19:26:26-07:00,2,6
meta/main.js,178,js,9b2a73f0,kylezhao1026,2026-05-08,19:26:26,-07:00,2026-05-08T19:26:26-07:00,0,0
meta/main.js,179,js,00000000,Not Committed Yet,2026-05-22,21:18:00,-07:00,2026-05-22T21:18:00-07:00,1,9
meta/main.js,180,js,9b2a73f0,kylezhao1026,2026-05-08,19:26:26,-07:00,2026-05-08T19:26:26-07:00,2,12
meta/main.js,181,js,9b2a73f0,kylezhao1026,2026-05-08,19:26:26,-07:00,2026-05-08T19:26:26-07:00,2,14
meta/main.js,182,js,9b2a73f0,kylezhao1026,2026-05-08,19:26:26,-07:00,2026-05-08T19:26:26-07:00,2,43
meta/main.js,183,js,9b2a73f0,kylezhao1026,2026-05-08,19:26:26,-07:00,2026-05-08T19:26:26-07:00,0,0
meta/main.js,184,js,00000000,Not Committed Yet,2026-05-22,21:18:00,-07:00,2026-05-22T21:18:00-07:00,1,14
meta/main.js,185,js,9b2a73f0,kylezhao1026,2026-05-08,19:26:26,-07:00,2026-05-08T19:26:26-07:00,2,10
meta/main.js,186,js,00000000,Not Committed Yet,2026-05-22,21:18:00,-07:00,2026-05-22T21:18:00-07:00,2,40
meta/main.js,187,js,9b2a73f0,kylezhao1026,2026-05-08,19:26:26,-07:00,2026-05-08T19:26:26-07:00,2,14
meta/main.js,188,js,00000000,Not Committed Yet,2026-05-22,21:18:00,-07:00,2026-05-22T21:18:00-07:00,0,0
meta/main.js,189,js,00000000,Not Committed Yet,2026-05-22,21:18:00,-07:00,2026-05-22T21:18:00-07:00,0,0
meta/main.js,190,js,00000000,Not Committed Yet,2026-05-22,21:18:00,-07:00,2026-05-22T21:18:00-07:00,0,28
meta/main.js,191,js,00000000,Not Committed Yet,2026-05-22,21:18:00,-07:00,2026-05-22T21:18:00-07:00,1,28
meta/main.js,192,js,00000000,Not Committed Yet,2026-05-22,21:18:00,-07:00,2026-05-22T21:18:00-07:00,0,0
meta/main.js,193,js,00000000,Not Committed Yet,2026-05-22,21:18:00,-07:00,2026-05-22T21:18:00-07:00,1,9
meta/main.js,194,js,00000000,Not Committed Yet,2026-05-22,21:18:00,-07:00,2026-05-22T21:18:00-07:00,2,12
meta/main.js,195,js,00000000,Not Committed Yet,2026-05-22,21:18:00,-07:00,2026-05-22T21:18:00-07:00,2,40
meta/main.js,196,js,00000000,Not Committed Yet,2026-05-22,21:18:00,-07:00,2026-05-22T21:18:00-07:00,2,18
meta/main.js,197,js,00000000,Not Committed Yet,2026-05-22,21:18:00,-07:00,2026-05-22T21:18:00-07:00,2,68
meta/main.js,198,js,00000000,Not Committed Yet,2026-05-22,21:18:00,-07:00,2026-05-22T21:18:00-07:00,0,0
meta/main.js,199,js,00000000,Not Committed Yet,2026-05-22,21:18:00,-07:00,2026-05-22T21:18:00-07:00,1,31
meta/main.js,200,js,9b2a73f0,kylezhao1026,2026-05-08,19:26:26,-07:00,2026-05-08T19:26:26-07:00,0,0
meta/main.js,201,js,9b2a73f0,kylezhao1026,2026-05-08,19:26:26,-07:00,2026-05-08T19:26:26-07:00,1,70
meta/main.js,202,js,9b2a73f0,kylezhao1026,2026-05-08,19:26:26,-07:00,2026-05-08T19:26:26-07:00,1,14
meta/main.js,203,js,9b2a73f0,kylezhao1026,2026-05-08,19:26:26,-07:00,2026-05-08T19:26:26-07:00,2,15
meta/main.js,204,js,9b2a73f0,kylezhao1026,2026-05-08,19:26:26,-07:00,2026-05-08T19:26:26-07:00,2,29
meta/main.js,205,js,9b2a73f0,kylezhao1026,2026-05-08,19:26:26,-07:00,2026-05-08T19:26:26-07:00,2,18
meta/main.js,206,js,9b2a73f0,kylezhao1026,2026-05-08,19:26:26,-07:00,2026-05-08T19:26:26-07:00,3,28
meta/main.js,207,js,9b2a73f0,kylezhao1026,2026-05-08,19:26:26,-07:00,2026-05-08T19:26:26-07:00,3,58
meta/main.js,208,js,9b2a73f0,kylezhao1026,2026-05-08,19:26:26,-07:00,2026-05-08T19:26:26-07:00,4,14
meta/main.js,209,js,9b2a73f0,kylezhao1026,2026-05-08,19:26:26,-07:00,2026-05-08T19:26:26-07:00,3,1
meta/main.js,210,js,9b2a73f0,kylezhao1026,2026-05-08,19:26:26,-07:00,2026-05-08T19:26:26-07:00,2,1
meta/main.js,211,js,9b2a73f0,kylezhao1026,2026-05-08,19:26:26,-07:00,2026-05-08T19:26:26-07:00,0,0
meta/main.js,212,js,9b2a73f0,kylezhao1026,2026-05-08,19:26:26,-07:00,2026-05-08T19:26:26-07:00,1,1
meta/main.js,213,js,9b2a73f0,kylezhao1026,2026-05-08,19:26:26,-07:00,2026-05-08T19:26:26-07:00,2,10
meta/main.js,214,js,9b2a73f0,kylezhao1026,2026-05-08,19:26:26,-07:00,2026-05-08T19:26:26-07:00,2,25
meta/main.js,215,js,9b2a73f0,kylezhao1026,2026-05-08,19:26:26,-07:00,2026-05-08T19:26:26-07:00,2,47
meta/main.js,216,js,9b2a73f0,kylezhao1026,2026-05-08,19:26:26,-07:00,2026-05-08T19:26:26-07:00,2,88
meta/main.js,217,js,9b2a73f0,kylezhao1026,2026-05-08,19:26:26,-07:00,2026-05-08T19:26:26-07:00,0,0
meta/main.js,218,js,9b2a73f0,kylezhao1026,2026-05-08,19:26:26,-07:00,2026-05-08T19:26:26-07:00,1,1
meta/main.js,219,js,9b2a73f0,kylezhao1026,2026-05-08,19:26:26,-07:00,2026-05-08T19:26:26-07:00,2,10
meta/main.js,220,js,00000000,Not Committed Yet,2026-05-22,21:18:00,-07:00,2026-05-22T21:18:00-07:00,2,22
meta/main.js,221,js,9b2a73f0,kylezhao1026,2026-05-08,19:26:26,-07:00,2026-05-08T19:26:26-07:00,2,58
meta/main.js,222,js,9b2a73f0,kylezhao1026,2026-05-08,19:26:26,-07:00,2026-05-08T19:26:26-07:00,2,11
meta/main.js,223,js,9b2a73f0,kylezhao1026,2026-05-08,19:26:26,-07:00,2026-05-08T19:26:26-07:00,0,0
meta/main.js,224,js,9b2a73f0,kylezhao1026,2026-05-08,19:26:26,-07:00,2026-05-08T19:26:26-07:00,1,1
meta/main.js,225,js,9b2a73f0,kylezhao1026,2026-05-08,19:26:26,-07:00,2026-05-08T19:26:26-07:00,2,10
meta/main.js,226,js,9b2a73f0,kylezhao1026,2026-05-08,19:26:26,-07:00,2026-05-08T19:26:26-07:00,2,47
meta/main.js,227,js,9b2a73f0,kylezhao1026,2026-05-08,19:26:26,-07:00,2026-05-08T19:26:26-07:00,2,11
meta/main.js,228,js,9b2a73f0,kylezhao1026,2026-05-08,19:26:26,-07:00,2026-05-08T19:26:26-07:00,0,0
meta/main.js,229,js,9b2a73f0,kylezhao1026,2026-05-08,19:26:26,-07:00,2026-05-08T19:26:26-07:00,1,1
meta/main.js,230,js,9b2a73f0,kylezhao1026,2026-05-08,19:26:26,-07:00,2026-05-08T19:26:26-07:00,2,13
meta/main.js,231,js,9b2a73f0,kylezhao1026,2026-05-08,19:26:26,-07:00,2026-05-08T19:26:26-07:00,2,26
meta/main.js,232,js,9b2a73f0,kylezhao1026,2026-05-08,19:26:26,-07:00,2026-05-08T19:26:26-07:00,2,19
meta/main.js,233,js,9b2a73f0,kylezhao1026,2026-05-08,19:26:26,-07:00,2026-05-08T19:26:26-07:00,2,21
meta/main.js,234,js,9b2a73f0,kylezhao1026,2026-05-08,19:26:26,-07:00,2026-05-08T19:26:26-07:00,2,28
meta/main.js,235,js,9b2a73f0,kylezhao1026,2026-05-08,19:26:26,-07:00,2026-05-08T19:26:26-07:00,2,19
meta/main.js,236,js,9b2a73f0,kylezhao1026,2026-05-08,19:26:26,-07:00,2026-05-08T19:26:26-07:00,0,0
meta/main.js,237,js,9b2a73f0,kylezhao1026,2026-05-08,19:26:26,-07:00,2026-05-08T19:26:26-07:00,1,1
meta/main.js,238,js,9b2a73f0,kylezhao1026,2026-05-08,19:26:26,-07:00,2026-05-08T19:26:26-07:00,2,13
meta/main.js,239,js,9b2a73f0,kylezhao1026,2026-05-08,19:26:26,-07:00,2026-05-08T19:26:26-07:00,2,26
meta/main.js,240,js,9b2a73f0,kylezhao1026,2026-05-08,19:26:26,-07:00,2026-05-08T19:26:26-07:00,2,31
meta/main.js,241,js,9b2a73f0,kylezhao1026,2026-05-08,19:26:26,-07:00,2026-05-08T19:26:26-07:00,2,21
meta/main.js,242,js,9b2a73f0,kylezhao1026,2026-05-08,19:26:26,-07:00,2026-05-08T19:26:26-07:00,2,12
meta/main.js,243,js,9b2a73f0,kylezhao1026,2026-05-08,19:26:26,-07:00,2026-05-08T19:26:26-07:00,2,28
meta/main.js,244,js,9b2a73f0,kylezhao1026,2026-05-08,19:26:26,-07:00,2026-05-08T19:26:26-07:00,2,19
meta/main.js,245,js,9b2a73f0,kylezhao1026,2026-05-08,19:26:26,-07:00,2026-05-08T19:26:26-07:00,0,0
meta/main.js,246,js,00000000,Not Committed Yet,2026-05-22,21:18:00,-07:00,2026-05-22T21:18:00-07:00,1,34
meta/main.js,247,js,00000000,Not Committed Yet,2026-05-22,21:18:00,-07:00,2026-05-22T21:18:00-07:00,1,13
meta/main.js,248,js,9b2a73f0,kylezhao1026,2026-05-08,19:26:26,-07:00,2026-05-08T19:26:26-07:00,2,10
meta/main.js,249,js,00000000,Not Committed Yet,2026-05-22,21:18:00,-07:00,2026-05-22T21:18:00-07:00,2,21
meta/main.js,250,js,9b2a73f0,kylezhao1026,2026-05-08,19:26:26,-07:00,2026-05-08T19:26:26-07:00,0,0
meta/main.js,251,js,00000000,Not Committed Yet,2026-05-22,21:18:00,-07:00,2026-05-22T21:18:00-07:00,1,14
meta/main.js,252,js,00000000,Not Committed Yet,2026-05-22,21:18:00,-07:00,2026-05-22T21:18:00-07:00,2,10
meta/main.js,253,js,00000000,Not Committed Yet,2026-05-22,21:18:00,-07:00,2026-05-22T21:18:00-07:00,2,22
meta/main.js,254,js,00000000,Not Committed Yet,2026-05-22,21:18:00,-07:00,2026-05-22T21:18:00-07:00,0,0
meta/main.js,255,js,00000000,Not Committed Yet,2026-05-22,21:18:00,-07:00,2026-05-22T21:18:00-07:00,1,71
meta/main.js,256,js,9b2a73f0,kylezhao1026,2026-05-08,19:26:26,-07:00,2026-05-08T19:26:26-07:00,1,15
meta/main.js,257,js,9b2a73f0,kylezhao1026,2026-05-08,19:26:26,-07:00,2026-05-08T19:26:26-07:00,2,40
meta/main.js,258,js,9b2a73f0,kylezhao1026,2026-05-08,19:26:26,-07:00,2026-05-08T19:26:26-07:00,3,48
meta/main.js,259,js,9b2a73f0,kylezhao1026,2026-05-08,19:26:26,-07:00,2026-05-08T19:26:26-07:00,3,19
meta/main.js,260,js,9b2a73f0,kylezhao1026,2026-05-08,19:26:26,-07:00,2026-05-08T19:26:26-07:00,4,29
meta/main.js,261,js,9b2a73f0,kylezhao1026,2026-05-08,19:26:26,-07:00,2026-05-08T19:26:26-07:00,4,30
meta/main.js,262,js,9b2a73f0,kylezhao1026,2026-05-08,19:26:26,-07:00,2026-05-08T19:26:26-07:00,4,28
meta/main.js,263,js,9b2a73f0,kylezhao1026,2026-05-08,19:26:26,-07:00,2026-05-08T19:26:26-07:00,4,29
meta/main.js,264,js,9b2a73f0,kylezhao1026,2026-05-08,19:26:26,-07:00,2026-05-08T19:26:26-07:00,0,0
meta/main.js,265,js,9b2a73f0,kylezhao1026,2026-05-08,19:26:26,-07:00,2026-05-08T19:26:26-07:00,3,19
meta/main.js,266,js,00000000,Not Committed Yet,2026-05-22,21:18:00,-07:00,2026-05-22T21:18:00-07:00,4,41
meta/main.js,267,js,9b2a73f0,kylezhao1026,2026-05-08,19:26:26,-07:00,2026-05-08T19:26:26-07:00,3,0
meta/main.js,268,js,9b2a73f0,kylezhao1026,2026-05-08,19:26:26,-07:00,2026-05-08T19:26:26-07:00,2,0
meta/main.js,269,js,00000000,Not Committed Yet,2026-05-22,21:18:00,-07:00,2026-05-22T21:18:00-07:00,2,75
meta/main.js,270,js,00000000,Not Committed Yet,2026-05-22,21:18:00,-07:00,2026-05-22T21:18:00-07:00,0,0
meta/main.js,271,js,00000000,Not Committed Yet,2026-05-22,21:18:00,-07:00,2026-05-22T21:18:00-07:00,1,33
meta/main.js,272,js,00000000,Not Committed Yet,2026-05-22,21:18:00,-07:00,2026-05-22T21:18:00-07:00,0,0
meta/main.js,273,js,00000000,Not Committed Yet,2026-05-22,21:18:00,-07:00,2026-05-22T21:18:00-07:00,0,0
meta/main.js,274,js,00000000,Not Committed Yet,2026-05-22,21:18:00,-07:00,2026-05-22T21:18:00-07:00,0,41
meta/main.js,275,js,00000000,Not Committed Yet,2026-05-22,21:18:00,-07:00,2026-05-22T21:18:00-07:00,1,29
meta/main.js,276,js,00000000,Not Committed Yet,2026-05-22,21:18:00,-07:00,2026-05-22T21:18:00-07:00,0,0
meta/main.js,277,js,00000000,Not Committed Yet,2026-05-22,21:18:00,-07:00,2026-05-22T21:18:00-07:00,1,70
meta/main.js,278,js,00000000,Not Committed Yet,2026-05-22,21:18:00,-07:00,2026-05-22T21:18:00-07:00,1,33
meta/main.js,279,js,00000000,Not Committed Yet,2026-05-22,21:18:00,-07:00,2026-05-22T21:18:00-07:00,1,21
meta/main.js,280,js,00000000,Not Committed Yet,2026-05-22,21:18:00,-07:00,2026-05-22T21:18:00-07:00,0,0
meta/main.js,281,js,00000000,Not Committed Yet,2026-05-22,21:18:00,-07:00,2026-05-22T21:18:00-07:00,1,65
meta/main.js,282,js,00000000,Not Committed Yet,2026-05-22,21:18:00,-07:00,2026-05-22T21:18:00-07:00,1,20
meta/main.js,283,js,00000000,Not Committed Yet,2026-05-22,21:18:00,-07:00,2026-05-22T21:18:00-07:00,2,18
meta/main.js,284,js,00000000,Not Committed Yet,2026-05-22,21:18:00,-07:00,2026-05-22T21:18:00-07:00,2,31
meta/main.js,285,js,00000000,Not Committed Yet,2026-05-22,21:18:00,-07:00,2026-05-22T21:18:00-07:00,2,13
meta/main.js,286,js,00000000,Not Committed Yet,2026-05-22,21:18:00,-07:00,2026-05-22T21:18:00-07:00,2,36
meta/main.js,287,js,00000000,Not Committed Yet,2026-05-22,21:18:00,-07:00,2026-05-22T21:18:00-07:00,2,36
meta/main.js,288,js,00000000,Not Committed Yet,2026-05-22,21:18:00,-07:00,2026-05-22T21:18:00-07:00,2,42
meta/main.js,289,js,00000000,Not Committed Yet,2026-05-22,21:18:00,-07:00,2026-05-22T21:18:00-07:00,2,45
meta/main.js,290,js,00000000,Not Committed Yet,2026-05-22,21:18:00,-07:00,2026-05-22T21:18:00-07:00,2,69
meta/main.js,291,js,9b2a73f0,kylezhao1026,2026-05-08,19:26:26,-07:00,2026-05-08T19:26:26-07:00,0,0
meta/main.js,292,js,9b2a73f0,kylezhao1026,2026-05-08,19:26:26,-07:00,2026-05-08T19:26:26-07:00,1,14
meta/main.js,293,js,9b2a73f0,kylezhao1026,2026-05-08,19:26:26,-07:00,2026-05-08T19:26:26-07:00,2,6
meta/main.js,294,js,9b2a73f0,kylezhao1026,2026-05-08,19:26:26,-07:00,2026-05-08T19:26:26-07:00,2,7
meta/main.js,295,js,9b2a73f0,kylezhao1026,2026-05-08,19:26:26,-07:00,2026-05-08T19:26:26-07:00,3,24
meta/main.js,296,js,9b2a73f0,kylezhao1026,2026-05-08,19:26:26,-07:00,2026-05-08T19:26:26-07:00,3,45
meta/main.js,297,js,9b2a73f0,kylezhao1026,2026-05-08,19:26:26,-07:00,2026-05-08T19:26:26-07:00,2,0
meta/main.js,298,js,9b2a73f0,kylezhao1026,2026-05-08,19:26:26,-07:00,2026-05-08T19:26:26-07:00,2,27
meta/main.js,299,js,9b2a73f0,kylezhao1026,2026-05-08,19:26:26,-07:00,2026-05-08T19:26:26-07:00,3,32
meta/main.js,300,js,9b2a73f0,kylezhao1026,2026-05-08,19:26:26,-07:00,2026-05-08T19:26:26-07:00,0,0
meta/main.js,301,js,9b2a73f0,kylezhao1026,2026-05-08,19:26:26,-07:00,2026-05-08T19:26:26-07:00,3,25
meta/main.js,302,js,00000000,Not Committed Yet,2026-05-22,21:18:00,-07:00,2026-05-22T21:18:00-07:00,4,29
meta/main.js,303,js,9b2a73f0,kylezhao1026,2026-05-08,19:26:26,-07:00,2026-05-08T19:26:26-07:00,6,27
meta/main.js,304,js,9b2a73f0,kylezhao1026,2026-05-08,19:26:26,-07:00,2026-05-08T19:26:26-07:00,6,27
meta/main.js,305,js,9b2a73f0,kylezhao1026,2026-05-08,19:26:26,-07:00,2026-05-08T19:26:26-07:00,0,0
meta/main.js,306,js,9b2a73f0,kylezhao1026,2026-05-08,19:26:26,-07:00,2026-05-08T19:26:26-07:00,6,6
meta/main.js,307,js,9b2a73f0,kylezhao1026,2026-05-08,19:26:26,-07:00,2026-05-08T19:26:26-07:00,7,21
meta/main.js,308,js,9b2a73f0,kylezhao1026,2026-05-08,19:26:26,-07:00,2026-05-08T19:26:26-07:00,7,21
meta/main.js,309,js,9b2a73f0,kylezhao1026,2026-05-08,19:26:26,-07:00,2026-05-08T19:26:26-07:00,7,21
meta/main.js,310,js,9b2a73f0,kylezhao1026,2026-05-08,19:26:26,-07:00,2026-05-08T19:26:26-07:00,7,18
meta/main.js,311,js,9b2a73f0,kylezhao1026,2026-05-08,19:26:26,-07:00,2026-05-08T19:26:26-07:00,6,0
meta/main.js,312,js,9b2a73f0,kylezhao1026,2026-05-08,19:26:26,-07:00,2026-05-08T19:26:26-07:00,5,0
meta/main.js,313,js,9b2a73f0,kylezhao1026,2026-05-08,19:26:26,-07:00,2026-05-08T19:26:26-07:00,4,3
meta/main.js,314,js,9b2a73f0,kylezhao1026,2026-05-08,19:26:26,-07:00,2026-05-08T19:26:26-07:00,0,0
meta/main.js,315,js,9b2a73f0,kylezhao1026,2026-05-08,19:26:26,-07:00,2026-05-08T19:26:26-07:00,3,59
meta/main.js,316,js,00000000,Not Committed Yet,2026-05-22,21:18:00,-07:00,2026-05-22T21:18:00-07:00,3,34
meta/main.js,317,js,9b2a73f0,kylezhao1026,2026-05-08,19:26:26,-07:00,2026-05-08T19:26:26-07:00,2,1
meta/main.js,318,js,9b2a73f0,kylezhao1026,2026-05-08,19:26:26,-07:00,2026-05-08T19:26:26-07:00,0,0
meta/main.js,319,js,00000000,Not Committed Yet,2026-05-22,21:18:00,-07:00,2026-05-22T21:18:00-07:00,1,8
meta/main.js,320,js,9b2a73f0,kylezhao1026,2026-05-08,19:26:26,-07:00,2026-05-08T19:26:26-07:00,2,10
meta/main.js,321,js,9b2a73f0,kylezhao1026,2026-05-08,19:26:26,-07:00,2026-05-08T19:26:26-07:00,2,27
meta/main.js,322,js,9b2a73f0,kylezhao1026,2026-05-08,19:26:26,-07:00,2026-05-08T19:26:26-07:00,3,18
meta/main.js,323,js,9b2a73f0,kylezhao1026,2026-05-08,19:26:26,-07:00,2026-05-08T19:26:26-07:00,4,16
meta/main.js,324,js,9b2a73f0,kylezhao1026,2026-05-08,19:26:26,-07:00,2026-05-08T19:26:26-07:00,4,5
meta/main.js,325,js,9b2a73f0,kylezhao1026,2026-05-08,19:26:26,-07:00,2026-05-08T19:26:26-07:00,3,0
meta/main.js,326,js,9b2a73f0,kylezhao1026,2026-05-08,19:26:26,-07:00,2026-05-08T19:26:26-07:00,0,0
meta/main.js,327,js,00000000,Not Committed Yet,2026-05-22,21:18:00,-07:00,2026-05-22T21:18:00-07:00,3,93
meta/main.js,328,js,9b2a73f0,kylezhao1026,2026-05-08,19:26:26,-07:00,2026-05-08T19:26:26-07:00,3,50
meta/main.js,329,js,9b2a73f0,kylezhao1026,2026-05-08,19:26:26,-07:00,2026-05-08T19:26:26-07:00,0,0
meta/main.js,330,js,9b2a73f0,kylezhao1026,2026-05-08,19:26:26,-07:00,2026-05-08T19:26:26-07:00,3,18
meta/main.js,331,js,9b2a73f0,kylezhao1026,2026-05-08,19:26:26,-07:00,2026-05-08T19:26:26-07:00,4,34
meta/main.js,332,js,9b2a73f0,kylezhao1026,2026-05-08,19:26:26,-07:00,2026-05-08T19:26:26-07:00,4,27
meta/main.js,333,js,9b2a73f0,kylezhao1026,2026-05-08,19:26:26,-07:00,2026-05-08T19:26:26-07:00,4,28
meta/main.js,334,js,9b2a73f0,kylezhao1026,2026-05-08,19:26:26,-07:00,2026-05-08T19:26:26-07:00,3,6
meta/main.js,335,js,9b2a73f0,kylezhao1026,2026-05-08,19:26:26,-07:00,2026-05-08T19:26:26-07:00,4,16
meta/main.js,336,js,9b2a73f0,kylezhao1026,2026-05-08,19:26:26,-07:00,2026-05-08T19:26:26-07:00,3,0
meta/main.js,337,js,9b2a73f0,kylezhao1026,2026-05-08,19:26:26,-07:00,2026-05-08T19:26:26-07:00,2,0
meta/main.js,338,js,9b2a73f0,kylezhao1026,2026-05-08,19:26:26,-07:00,2026-05-08T19:26:26-07:00,2,40
meta/main.js,339,js,9b2a73f0,kylezhao1026,2026-05-08,19:26:26,-07:00,2026-05-08T19:26:26-07:00,2,26
meta/main.js,340,js,9b2a73f0,kylezhao1026,2026-05-08,19:26:26,-07:00,2026-05-08T19:26:26-07:00,3,40
meta/main.js,341,js,9b2a73f0,kylezhao1026,2026-05-08,19:26:26,-07:00,2026-05-08T19:26:26-07:00,0,0
meta/main.js,342,js,9b2a73f0,kylezhao1026,2026-05-08,19:26:26,-07:00,2026-05-08T19:26:26-07:00,3,58
meta/main.js,343,js,9b2a73f0,kylezhao1026,2026-05-08,19:26:26,-07:00,2026-05-08T19:26:26-07:00,4,16
meta/main.js,344,js,9b2a73f0,kylezhao1026,2026-05-08,19:26:26,-07:00,2026-05-08T19:26:26-07:00,3,0
meta/main.js,345,js,9b2a73f0,kylezhao1026,2026-05-08,19:26:26,-07:00,2026-05-08T19:26:26-07:00,2,1
meta/main.js,346,js,9b2a73f0,kylezhao1026,2026-05-08,19:26:26,-07:00,2026-05-08T19:26:26-07:00,0,0
meta/main.js,347,js,9b2a73f0,kylezhao1026,2026-05-08,19:26:26,-07:00,2026-05-08T19:26:26-07:00,0,0
meta/main.js,348,js,00000000,Not Committed Yet,2026-05-22,21:18:00,-07:00,2026-05-22T21:18:00-07:00,0,41
meta/main.js,349,js,00000000,Not Committed Yet,2026-05-22,21:18:00,-07:00,2026-05-22T21:18:00-07:00,1,60
meta/main.js,350,js,00000000,Not Committed Yet,2026-05-22,21:18:00,-07:00,2026-05-22T21:18:00-07:00,1,14
meta/main.js,351,js,00000000,Not Committed Yet,2026-05-22,21:18:00,-07:00,2026-05-22T21:18:00-07:00,2,27
meta/main.js,352,js,00000000,Not Committed Yet,2026-05-22,21:18:00,-07:00,2026-05-22T21:18:00-07:00,2,55
meta/main.js,353,js,00000000,Not Committed Yet,2026-05-22,21:18:00,-07:00,2026-05-22T21:18:00-07:00,2,61
meta/main.js,354,js,00000000,Not Committed Yet,2026-05-22,21:18:00,-07:00,2026-05-22T21:18:00-07:00,0,0
meta/main.js,355,js,00000000,Not Committed Yet,2026-05-22,21:18:00,-07:00,2026-05-22T21:18:00-07:00,1,24
meta/main.js,356,js,00000000,Not Committed Yet,2026-05-22,21:18:00,-07:00,2026-05-22T21:18:00-07:00,2,15
meta/main.js,357,js,00000000,Not Committed Yet,2026-05-22,21:18:00,-07:00,2026-05-22T21:18:00-07:00,2,25
meta/main.js,358,js,00000000,Not Committed Yet,2026-05-22,21:18:00,-07:00,2026-05-22T21:18:00-07:00,2,14
meta/main.js,359,js,00000000,Not Committed Yet,2026-05-22,21:18:00,-07:00,2026-05-22T21:18:00-07:00,3,33
meta/main.js,360,js,00000000,Not Committed Yet,2026-05-22,21:18:00,-07:00,2026-05-22T21:18:00-07:00,4,15
meta/main.js,361,js,00000000,Not Committed Yet,2026-05-22,21:18:00,-07:00,2026-05-22T21:18:00-07:00,4,15
meta/main.js,362,js,00000000,Not Committed Yet,2026-05-22,21:18:00,-07:00,2026-05-22T21:18:00-07:00,3,1
meta/main.js,363,js,00000000,Not Committed Yet,2026-05-22,21:18:00,-07:00,2026-05-22T21:18:00-07:00,2,0
meta/main.js,364,js,00000000,Not Committed Yet,2026-05-22,21:18:00,-07:00,2026-05-22T21:18:00-07:00,0,0
meta/main.js,365,js,00000000,Not Committed Yet,2026-05-22,21:18:00,-07:00,2026-05-22T21:18:00-07:00,1,6
meta/main.js,366,js,00000000,Not Committed Yet,2026-05-22,21:18:00,-07:00,2026-05-22T21:18:00-07:00,2,11
meta/main.js,367,js,00000000,Not Committed Yet,2026-05-22,21:18:00,-07:00,2026-05-22T21:18:00-07:00,2,4
meta/main.js,368,js,00000000,Not Committed Yet,2026-05-22,21:18:00,-07:00,2026-05-22T21:18:00-07:00,3,4
meta/main.js,369,js,00000000,Not Committed Yet,2026-05-22,21:18:00,-07:00,2026-05-22T21:18:00-07:00,4,82
meta/main.js,370,js,00000000,Not Committed Yet,2026-05-22,21:18:00,-07:00,2026-05-22T21:18:00-07:00,2,0
meta/main.js,371,js,00000000,Not Committed Yet,2026-05-22,21:18:00,-07:00,2026-05-22T21:18:00-07:00,0,0
meta/main.js,372,js,00000000,Not Committed Yet,2026-05-22,21:18:00,-07:00,2026-05-22T21:18:00-07:00,1,6
meta/main.js,373,js,00000000,Not Committed Yet,2026-05-22,21:18:00,-07:00,2026-05-22T21:18:00-07:00,2,11
meta/main.js,374,js,00000000,Not Committed Yet,2026-05-22,21:18:00,-07:00,2026-05-22T21:18:00-07:00,2,15
meta/main.js,375,js,00000000,Not Committed Yet,2026-05-22,21:18:00,-07:00,2026-05-22T21:18:00-07:00,2,19
meta/main.js,376,js,00000000,Not Committed Yet,2026-05-22,21:18:00,-07:00,2026-05-22T21:18:00-07:00,2,10
meta/main.js,377,js,00000000,Not Committed Yet,2026-05-22,21:18:00,-07:00,2026-05-22T21:18:00-07:00,2,19
meta/main.js,378,js,00000000,Not Committed Yet,2026-05-22,21:18:00,-07:00,2026-05-22T21:18:00-07:00,2,39
meta/main.js,379,js,00000000,Not Committed Yet,2026-05-22,21:18:00,-07:00,2026-05-22T21:18:00-07:00,0,0
meta/main.js,380,js,00000000,Not Committed Yet,2026-05-22,21:18:00,-07:00,2026-05-22T21:18:00-07:00,0,0
meta/main.js,381,js,00000000,Not Committed Yet,2026-05-22,21:18:00,-07:00,2026-05-22T21:18:00-07:00,0,34
meta/main.js,382,js,00000000,Not Committed Yet,2026-05-22,21:18:00,-07:00,2026-05-22T21:18:00-07:00,1,22
meta/main.js,383,js,00000000,Not Committed Yet,2026-05-22,21:18:00,-07:00,2026-05-22T21:18:00-07:00,1,40
meta/main.js,384,js,00000000,Not Committed Yet,2026-05-22,21:18:00,-07:00,2026-05-22T21:18:00-07:00,1,77
meta/main.js,385,js,00000000,Not Committed Yet,2026-05-22,21:18:00,-07:00,2026-05-22T21:18:00-07:00,1,19
meta/main.js,386,js,00000000,Not Committed Yet,2026-05-22,21:18:00,-07:00,2026-05-22T21:18:00-07:00,0,0
meta/main.js,387,js,00000000,Not Committed Yet,2026-05-22,21:18:00,-07:00,2026-05-22T21:18:00-07:00,1,52
meta/main.js,388,js,00000000,Not Committed Yet,2026-05-22,21:18:00,-07:00,2026-05-22T21:18:00-07:00,1,8
meta/main.js,389,js,00000000,Not Committed Yet,2026-05-22,21:18:00,-07:00,2026-05-22T21:18:00-07:00,2,44
meta/main.js,390,js,00000000,Not Committed Yet,2026-05-22,21:18:00,-07:00,2026-05-22T21:18:00-07:00,2,4
meta/main.js,391,js,00000000,Not Committed Yet,2026-05-22,21:18:00,-07:00,2026-05-22T21:18:00-07:00,3,34
meta/main.js,392,js,00000000,Not Committed Yet,2026-05-22,21:18:00,-07:00,2026-05-22T21:18:00-07:00,4,16
meta/main.js,393,js,00000000,Not Committed Yet,2026-05-22,21:18:00,-07:00,2026-05-22T21:18:00-07:00,4,17
meta/main.js,394,js,00000000,Not Committed Yet,2026-05-22,21:18:00,-07:00,2026-05-22T21:18:00-07:00,3,1
meta/main.js,395,js,00000000,Not Committed Yet,2026-05-22,21:18:00,-07:00,2026-05-22T21:18:00-07:00,2,0
meta/main.js,396,js,00000000,Not Committed Yet,2026-05-22,21:18:00,-07:00,2026-05-22T21:18:00-07:00,0,0
meta/main.js,397,js,00000000,Not Committed Yet,2026-05-22,21:18:00,-07:00,2026-05-22T21:18:00-07:00,1,33
meta/main.js,398,js,00000000,Not Committed Yet,2026-05-22,21:18:00,-07:00,2026-05-22T21:18:00-07:00,1,33
meta/main.js,399,js,00000000,Not Committed Yet,2026-05-22,21:18:00,-07:00,2026-05-22T21:18:00-07:00,1,36
meta/main.js,400,js,00000000,Not Committed Yet,2026-05-22,21:18:00,-07:00,2026-05-22T21:18:00-07:00,0,0
meta/main.js,401,js,00000000,Not Committed Yet,2026-05-22,21:18:00,-07:00,2026-05-22T21:18:00-07:00,0,0
meta/main.js,402,js,00000000,Not Committed Yet,2026-05-22,21:18:00,-07:00,2026-05-22T21:18:00-07:00,0,34
meta/main.js,403,js,00000000,Not Committed Yet,2026-05-22,21:18:00,-07:00,2026-05-22T21:18:00-07:00,1,49
meta/main.js,404,js,00000000,Not Committed Yet,2026-05-22,21:18:00,-07:00,2026-05-22T21:18:00-07:00,1,49
meta/main.js,405,js,00000000,Not Committed Yet,2026-05-22,21:18:00,-07:00,2026-05-22T21:18:00-07:00,0,0
meta/main.js,406,js,00000000,Not Committed Yet,2026-05-22,21:18:00,-07:00,2026-05-22T21:18:00-07:00,0,0
meta/main.js,407,js,00000000,Not Committed Yet,2026-05-22,21:18:00,-07:00,2026-05-22T21:18:00-07:00,0,28
meta/main.js,408,js,00000000,Not Committed Yet,2026-05-22,21:18:00,-07:00,2026-05-22T21:18:00-07:00,1,10
meta/main.js,409,js,00000000,Not Committed Yet,2026-05-22,21:18:00,-07:00,2026-05-22T21:18:00-07:00,2,17
meta/main.js,410,js,00000000,Not Committed Yet,2026-05-22,21:18:00,-07:00,2026-05-22T21:18:00-07:00,2,25
meta/main.js,411,js,00000000,Not Committed Yet,2026-05-22,21:18:00,-07:00,2026-05-22T21:18:00-07:00,2,10
meta/main.js,412,js,00000000,Not Committed Yet,2026-05-22,21:18:00,-07:00,2026-05-22T21:18:00-07:00,2,20
meta/main.js,413,js,00000000,Not Committed Yet,2026-05-22,21:18:00,-07:00,2026-05-22T21:18:00-07:00,2,4
meta/main.js,414,js,00000000,Not Committed Yet,2026-05-22,21:18:00,-07:00,2026-05-22T21:18:00-07:00,3,9
meta/main.js,415,js,00000000,Not Committed Yet,2026-05-22,21:18:00,-07:00,2026-05-22T21:18:00-07:00,4,39
meta/main.js,416,js,00000000,Not Committed Yet,2026-05-22,21:18:00,-07:00,2026-05-22T21:18:00-07:00,5,16
meta/main.js,417,js,00000000,Not Committed Yet,2026-05-22,21:18:00,-07:00,2026-05-22T21:18:00-07:00,5,17
meta/main.js,418,js,00000000,Not Committed Yet,2026-05-22,21:18:00,-07:00,2026-05-22T21:18:00-07:00,4,62
meta/main.js,419,js,00000000,Not Committed Yet,2026-05-22,21:18:00,-07:00,2026-05-22T21:18:00-07:00,5,42
meta/main.js,420,js,00000000,Not Committed Yet,2026-05-22,21:18:00,-07:00,2026-05-22T21:18:00-07:00,4,8
meta/main.js,421,js,00000000,Not Committed Yet,2026-05-22,21:18:00,-07:00,2026-05-22T21:18:00-07:00,4,64
meta/main.js,422,js,00000000,Not Committed Yet,2026-05-22,21:18:00,-07:00,2026-05-22T21:18:00-07:00,5,7
meta/main.js,423,js,00000000,Not Committed Yet,2026-05-22,21:18:00,-07:00,2026-05-22T21:18:00-07:00,6,6
meta/main.js,424,js,00000000,Not Committed Yet,2026-05-22,21:18:00,-07:00,2026-05-22T21:18:00-07:00,6,22
meta/main.js,425,js,00000000,Not Committed Yet,2026-05-22,21:18:00,-07:00,2026-05-22T21:18:00-07:00,6,18
meta/main.js,426,js,00000000,Not Committed Yet,2026-05-22,21:18:00,-07:00,2026-05-22T21:18:00-07:00,5,0
meta/main.js,427,js,00000000,Not Committed Yet,2026-05-22,21:18:00,-07:00,2026-05-22T21:18:00-07:00,5,38
meta/main.js,428,js,00000000,Not Committed Yet,2026-05-22,21:18:00,-07:00,2026-05-22T21:18:00-07:00,3,0
meta/main.js,429,js,00000000,Not Committed Yet,2026-05-22,21:18:00,-07:00,2026-05-22T21:18:00-07:00,2,0
meta/main.js,430,js,00000000,Not Committed Yet,2026-05-22,21:18:00,-07:00,2026-05-22T21:18:00-07:00,0,0
meta/main.js,431,js,00000000,Not Committed Yet,2026-05-22,21:18:00,-07:00,2026-05-22T21:18:00-07:00,0,0
meta/main.js,432,js,00000000,Not Committed Yet,2026-05-22,21:18:00,-07:00,2026-05-22T21:18:00-07:00,0,30
meta/main.js,433,js,00000000,Not Committed Yet,2026-05-22,21:18:00,-07:00,2026-05-22T21:18:00-07:00,1,27
meta/main.js,434,js,00000000,Not Committed Yet,2026-05-22,21:18:00,-07:00,2026-05-22T21:18:00-07:00,0,0
meta/main.js,435,js,00000000,Not Committed Yet,2026-05-22,21:18:00,-07:00,2026-05-22T21:18:00-07:00,1,6
meta/main.js,436,js,00000000,Not Committed Yet,2026-05-22,21:18:00,-07:00,2026-05-22T21:18:00-07:00,2,6
meta/main.js,437,js,00000000,Not Committed Yet,2026-05-22,21:18:00,-07:00,2026-05-22T21:18:00-07:00,3,22
meta/main.js,438,js,00000000,Not Committed Yet,2026-05-22,21:18:00,-07:00,2026-05-22T21:18:00-07:00,3,23
meta/main.js,439,js,00000000,Not Committed Yet,2026-05-22,21:18:00,-07:00,2026-05-22T21:18:00-07:00,3,10
meta/main.js,440,js,00000000,Not Committed Yet,2026-05-22,21:18:00,-07:00,2026-05-22T21:18:00-07:00,2,0
meta/main.js,441,js,00000000,Not Committed Yet,2026-05-22,21:18:00,-07:00,2026-05-22T21:18:00-07:00,2,26
meta/main.js,442,js,00000000,Not Committed Yet,2026-05-22,21:18:00,-07:00,2026-05-22T21:18:00-07:00,3,39
meta/main.js,443,js,00000000,Not Committed Yet,2026-05-22,21:18:00,-07:00,2026-05-22T21:18:00-07:00,3,69
meta/main.js,444,js,00000000,Not Committed Yet,2026-05-22,21:18:00,-07:00,2026-05-22T21:18:00-07:00,3,32
meta/main.js,445,js,00000000,Not Committed Yet,2026-05-22,21:18:00,-07:00,2026-05-22T21:18:00-07:00,2,1
meta/main.js,446,js,00000000,Not Committed Yet,2026-05-22,21:18:00,-07:00,2026-05-22T21:18:00-07:00,0,0
meta/main.js,447,js,00000000,Not Committed Yet,2026-05-22,21:18:00,-07:00,2026-05-22T21:18:00-07:00,1,62
meta/main.js,448,js,00000000,Not Committed Yet,2026-05-22,21:18:00,-07:00,2026-05-22T21:18:00-07:00,0,0
meta/main.js,449,js,00000000,Not Committed Yet,2026-05-22,21:18:00,-07:00,2026-05-22T21:18:00-07:00,0,0
meta/main.js,450,js,9b2a73f0,kylezhao1026,2026-05-08,19:26:26,-07:00,2026-05-08T19:26:26-07:00,0,3
meta/main.js,451,js,9b2a73f0,kylezhao1026,2026-05-08,19:26:26,-07:00,2026-05-08T19:26:26-07:00,1,42
meta/main.js,452,js,9b2a73f0,kylezhao1026,2026-05-08,19:26:26,-07:00,2026-05-08T19:26:26-07:00,2,5
meta/main.js,453,js,9b2a73f0,kylezhao1026,2026-05-08,19:26:26,-07:00,2026-05-08T19:26:26-07:00,2,21
meta/main.js,454,js,9b2a73f0,kylezhao1026,2026-05-08,19:26:26,-07:00,2026-05-08T19:26:26-07:00,2,23
meta/main.js,455,js,9b2a73f0,kylezhao1026,2026-05-08,19:26:26,-07:00,2026-05-08T19:26:26-07:00,2,25
meta/main.js,456,js,9b2a73f0,kylezhao1026,2026-05-08,19:26:26,-07:00,2026-05-08T19:26:26-07:00,2,23
meta/main.js,457,js,9b2a73f0,kylezhao1026,2026-05-08,19:26:26,-07:00,2026-05-08T19:26:26-07:00,2,31
meta/main.js,458,js,9b2a73f0,kylezhao1026,2026-05-08,19:26:26,-07:00,2026-05-08T19:26:26-07:00,1,2
meta/main.js,459,js,9b2a73f0,kylezhao1026,2026-05-08,19:26:26,-07:00,2026-05-08T19:26:26-07:00,0,0
meta/main.js,460,js,9b2a73f0,kylezhao1026,2026-05-08,19:26:26,-07:00,2026-05-08T19:26:26-07:00,1,29
meta/main.js,461,js,00000000,Not Committed Yet,2026-05-22,21:18:00,-07:00,2026-05-22T21:18:00-07:00,1,24
meta/main.js,462,js,9b2a73f0,kylezhao1026,2026-05-08,19:26:26,-07:00,2026-05-08T19:26:26-07:00,1,19
meta/main.js,463,js,00000000,Not Committed Yet,2026-05-22,21:18:00,-07:00,2026-05-22T21:18:00-07:00,1,12
meta/main.js,464,js,00000000,Not Committed Yet,2026-05-22,21:18:00,-07:00,2026-05-22T21:18:00-07:00,2,10
meta/main.js,465,js,00000000,Not Committed Yet,2026-05-22,21:18:00,-07:00,2026-05-22T21:18:00-07:00,2,44
meta/main.js,466,js,00000000,Not Committed Yet,2026-05-22,21:18:00,-07:00,2026-05-22T21:18:00-07:00,2,15
meta/main.js,467,js,00000000,Not Committed Yet,2026-05-22,21:18:00,-07:00,2026-05-22T21:18:00-07:00,1,47
meta/main.js,468,js,9b2a73f0,kylezhao1026,2026-05-08,19:26:26,-07:00,2026-05-08T19:26:26-07:00,0,0
meta/main.js,469,js,9b2a73f0,kylezhao1026,2026-05-08,19:26:26,-07:00,2026-05-08T19:26:26-07:00,1,12
meta/main.js,470,js,9b2a73f0,kylezhao1026,2026-05-08,19:26:26,-07:00,2026-05-08T19:26:26-07:00,1,18
meta/main.js,471,js,00000000,Not Committed Yet,2026-05-22,21:18:00,-07:00,2026-05-22T21:18:00-07:00,1,18
meta/main.js,472,js,00000000,Not Committed Yet,2026-05-22,21:18:00,-07:00,2026-05-22T21:18:00-07:00,1,20
meta/main.js,473,js,00000000,Not Committed Yet,2026-05-22,21:18:00,-07:00,2026-05-22T21:18:00-07:00,1,30
meta/main.js,474,js,00000000,Not Committed Yet,2026-05-22,21:18:00,-07:00,2026-05-22T21:18:00-07:00,1,50
meta/main.js,475,js,9b2a73f0,kylezhao1026,2026-05-08,19:26:26,-07:00,2026-05-08T19:26:26-07:00,0,15
meta/main.js,476,js,9b2a73f0,kylezhao1026,2026-05-08,19:26:26,-07:00,2026-05-08T19:26:26-07:00,1,48
meta/main.js,477,js,9b2a73f0,kylezhao1026,2026-05-08,19:26:26,-07:00,2026-05-08T19:26:26-07:00,1,54
meta/main.js,478,js,9b2a73f0,kylezhao1026,2026-05-08,19:26:26,-07:00,2026-05-08T19:26:26-07:00,0,0
meta/index.html,1,html,9b2a73f0,kylezhao1026,2026-05-08,19:26:26,-07:00,2026-05-08T19:26:26-07:00,0,13
meta/index.html,2,html,9b2a73f0,kylezhao1026,2026-05-08,19:26:26,-07:00,2026-05-08T19:26:26-07:00,0,14
meta/index.html,3,html,9b2a73f0,kylezhao1026,2026-05-08,19:26:26,-07:00,2026-05-08T19:26:26-07:00,0,4
meta/index.html,4,html,9b2a73f0,kylezhao1026,2026-05-08,19:26:26,-07:00,2026-05-08T19:26:26-07:00,2,20
meta/index.html,5,html,9b2a73f0,kylezhao1026,2026-05-08,19:26:26,-07:00,2026-05-08T19:26:26-07:00,2,68
meta/index.html,6,html,9b2a73f0,kylezhao1026,2026-05-08,19:26:26,-07:00,2026-05-08T19:26:26-07:00,2,17
meta/index.html,7,html,9b2a73f0,kylezhao1026,2026-05-08,19:26:26,-07:00,2026-05-08T19:26:26-07:00,2,41
meta/index.html,8,html,9b2a73f0,kylezhao1026,2026-05-08,19:26:26,-07:00,2026-05-08T19:26:26-07:00,2,48
meta/index.html,9,html,9b2a73f0,kylezhao1026,2026-05-08,19:26:26,-07:00,2026-05-08T19:26:26-07:00,2,45
meta/index.html,10,html,9b2a73f0,kylezhao1026,2026-05-08,19:26:26,-07:00,2026-05-08T19:26:26-07:00,0,5
meta/index.html,11,html,9b2a73f0,kylezhao1026,2026-05-08,19:26:26,-07:00,2026-05-08T19:26:26-07:00,0,22
meta/index.html,12,html,9b2a73f0,kylezhao1026,2026-05-08,19:26:26,-07:00,2026-05-08T19:26:26-07:00,2,11
meta/index.html,13,html,9b2a73f0,kylezhao1026,2026-05-08,19:26:26,-07:00,2026-05-08T19:26:26-07:00,2,92
meta/index.html,14,html,9b2a73f0,kylezhao1026,2026-05-08,19:26:26,-07:00,2026-05-08T19:26:26-07:00,0,0
meta/index.html,15,html,9b2a73f0,kylezhao1026,2026-05-08,19:26:26,-07:00,2026-05-08T19:26:26-07:00,2,60
meta/index.html,16,html,9b2a73f0,kylezhao1026,2026-05-08,19:26:26,-07:00,2026-05-08T19:26:26-07:00,4,33
meta/index.html,17,html,9b2a73f0,kylezhao1026,2026-05-08,19:26:26,-07:00,2026-05-08T19:26:26-07:00,4,37
meta/index.html,18,html,9b2a73f0,kylezhao1026,2026-05-08,19:26:26,-07:00,2026-05-08T19:26:26-07:00,2,8
meta/index.html,19,html,9b2a73f0,kylezhao1026,2026-05-08,19:26:26,-07:00,2026-05-08T19:26:26-07:00,0,0
meta/index.html,20,html,9b2a73f0,kylezhao1026,2026-05-08,19:26:26,-07:00,2026-05-08T19:26:26-07:00,2,61
meta/index.html,21,html,9b2a73f0,kylezhao1026,2026-05-08,19:26:26,-07:00,2026-05-08T19:26:26-07:00,4,6
meta/index.html,22,html,9b2a73f0,kylezhao1026,2026-05-08,19:26:26,-07:00,2026-05-08T19:26:26-07:00,6,47
meta/index.html,23,html,9b2a73f0,kylezhao1026,2026-05-08,19:26:26,-07:00,2026-05-08T19:26:26-07:00,4,7
meta/index.html,24,html,00000000,Not Committed Yet,2026-05-22,21:18:00,-07:00,2026-05-22T21:18:00-07:00,4,23
meta/index.html,25,html,00000000,Not Committed Yet,2026-05-22,21:18:00,-07:00,2026-05-22T21:18:00-07:00,6,54
meta/index.html,26,html,00000000,Not Committed Yet,2026-05-22,21:18:00,-07:00,2026-05-22T21:18:00-07:00,6,69
meta/index.html,27,html,00000000,Not Committed Yet,2026-05-22,21:18:00,-07:00,2026-05-22T21:18:00-07:00,6,28
meta/index.html,28,html,00000000,Not Committed Yet,2026-05-22,21:18:00,-07:00,2026-05-22T21:18:00-07:00,4,4
meta/index.html,29,html,00000000,Not Committed Yet,2026-05-22,21:18:00,-07:00,2026-05-22T21:18:00-07:00,4,18
meta/index.html,30,html,00000000,Not Committed Yet,2026-05-22,21:18:00,-07:00,2026-05-22T21:18:00-07:00,6,28
meta/index.html,31,html,00000000,Not Committed Yet,2026-05-22,21:18:00,-07:00,2026-05-22T21:18:00-07:00,6,21
meta/index.html,32,html,00000000,Not Committed Yet,2026-05-22,21:18:00,-07:00,2026-05-22T21:18:00-07:00,8,45
meta/index.html,33,html,00000000,Not Committed Yet,2026-05-22,21:18:00,-07:00,2026-05-22T21:18:00-07:00,8,20
meta/index.html,34,html,00000000,Not Committed Yet,2026-05-22,21:18:00,-07:00,2026-05-22T21:18:00-07:00,6,4
meta/index.html,35,html,00000000,Not Committed Yet,2026-05-22,21:18:00,-07:00,2026-05-22T21:18:00-07:00,4,4
meta/index.html,36,html,9b2a73f0,kylezhao1026,2026-05-08,19:26:26,-07:00,2026-05-08T19:26:26-07:00,4,50
meta/index.html,37,html,9b2a73f0,kylezhao1026,2026-05-08,19:26:26,-07:00,2026-05-08T19:26:26-07:00,6,86
meta/index.html,38,html,9b2a73f0,kylezhao1026,2026-05-08,19:26:26,-07:00,2026-05-08T19:26:26-07:00,6,41
meta/index.html,39,html,9b2a73f0,kylezhao1026,2026-05-08,19:26:26,-07:00,2026-05-08T19:26:26-07:00,6,37
meta/index.html,40,html,00000000,Not Committed Yet,2026-05-22,21:18:00,-07:00,2026-05-22T21:18:00-07:00,6,45
meta/index.html,41,html,9b2a73f0,kylezhao1026,2026-05-08,19:26:26,-07:00,2026-05-08T19:26:26-07:00,6,39
meta/index.html,42,html,9b2a73f0,kylezhao1026,2026-05-08,19:26:26,-07:00,2026-05-08T19:26:26-07:00,4,3
meta/index.html,43,html,9b2a73f0,kylezhao1026,2026-05-08,19:26:26,-07:00,2026-05-08T19:26:26-07:00,2,8
meta/index.html,44,html,9b2a73f0,kylezhao1026,2026-05-08,19:26:26,-07:00,2026-05-08T19:26:26-07:00,0,0
meta/index.html,45,html,9b2a73f0,kylezhao1026,2026-05-08,19:26:26,-07:00,2026-05-08T19:26:26-07:00,2,65
meta/index.html,46,html,9b2a73f0,kylezhao1026,2026-05-08,19:26:26,-07:00,2026-05-08T19:26:26-07:00,4,53
meta/index.html,47,html,9b2a73f0,kylezhao1026,2026-05-08,19:26:26,-07:00,2026-05-08T19:26:26-07:00,4,50
meta/index.html,48,html,9b2a73f0,kylezhao1026,2026-05-08,19:26:26,-07:00,2026-05-08T19:26:26-07:00,2,8
meta/index.html,49,html,00000000,Not Committed Yet,2026-05-22,21:18:00,-07:00,2026-05-22T21:18:00-07:00,2,59
meta/index.html,50,html,00000000,Not Committed Yet,2026-05-22,21:18:00,-07:00,2026-05-22T21:18:00-07:00,4,51
meta/index.html,51,html,00000000,Not Committed Yet,2026-05-22,21:18:00,-07:00,2026-05-22T21:18:00-07:00,4,18
meta/index.html,52,html,00000000,Not Committed Yet,2026-05-22,21:18:00,-07:00,2026-05-22T21:18:00-07:00,2,8
meta/index.html,53,html,9b2a73f0,kylezhao1026,2026-05-08,19:26:26,-07:00,2026-05-08T19:26:26-07:00,0,5
meta/index.html,54,html,9b2a73f0,kylezhao1026,2026-05-08,19:26:26,-07:00,2026-05-08T19:26:26-07:00,0,5
